Price,Adj Close,Close,High,Low,Open,Volume
Ticker,GC=F,GC=F,GC=F,GC=F,GC=F,GC=F
Date,,,,,,
2022-01-03 00:00:00+00:00,1799.4000244140625,1799.4000244140625,1830.0999755859375,1798.800048828125,1830.0999755859375,116
2022-01-04 00:00:00+00:00,1814.0,1814.0,1815.300048828125,1800.0,1800.5,38
2022-01-05 00:00:00+00:00,1824.5999755859375,1824.5999755859375,1824.5999755859375,1813.0999755859375,1813.0999755859375,8
2022-01-06 00:00:00+00:00,1788.699951171875,1788.699951171875,1791.300048828125,1787.0999755859375,1787.0999755859375,30
2022-01-07 00:00:00+00:00,1797.0,1797.0,1797.0,1784.4000244140625,1791.800048828125,17
2022-01-10 00:00:00+00:00,1798.4000244140625,1798.4000244140625,1798.699951171875,1790.4000244140625,1794.9000244140625,534
2022-01-11 00:00:00+00:00,1818.5999755859375,1818.5999755859375,1822.5,1803.0,1803.9000244140625,743
2022-01-12 00:00:00+00:00,1827.199951171875,1827.199951171875,1827.199951171875,1816.9000244140625,1819.0,1547
2022-01-13 00:00:00+00:00,1821.199951171875,1821.199951171875,1823.0,1815.4000244140625,1819.800048828125,40
2022-01-14 00:00:00+00:00,1816.5,1816.5,1822.0,1816.5,1821.5,816
2022-01-18 00:00:00+00:00,1812.300048828125,1812.300048828125,1820.0999755859375,1812.300048828125,1816.800048828125,900
2022-01-19 00:00:00+00:00,1843.0999755859375,1843.0999755859375,1843.0999755859375,1817.4000244140625,1817.4000244140625,4
2022-01-20 00:00:00+00:00,1842.5,1842.5,1843.0,1838.199951171875,1840.5999755859375,20
2022-01-21 00:00:00+00:00,1831.800048828125,1831.800048828125,1842.4000244140625,1828.9000244140625,1838.0,19
2022-01-24 00:00:00+00:00,1841.699951171875,1841.699951171875,1842.0999755859375,1837.9000244140625,1837.9000244140625,8
2022-01-25 00:00:00+00:00,1852.699951171875,1852.699951171875,1852.699951171875,1842.0,1843.0,11
2022-01-26 00:00:00+00:00,1829.9000244140625,1829.9000244140625,1829.9000244140625,1829.9000244140625,1829.9000244140625,55
2022-01-27 00:00:00+00:00,1793.300048828125,1793.300048828125,1793.300048828125,1793.300048828125,1793.300048828125,196036
2022-01-28 00:00:00+00:00,1784.9000244140625,1784.9000244140625,1798.4000244140625,1778.800048828125,1797.5,28521
2022-01-31 00:00:00+00:00,1795.0,1795.0,1798.5,1785.0999755859375,1788.5,1735
2022-02-01 00:00:00+00:00,1800.300048828125,1800.300048828125,1806.0999755859375,1797.0999755859375,1797.199951171875,223
2022-02-02 00:00:00+00:00,1809.199951171875,1809.199951171875,1810.0999755859375,1795.0999755859375,1797.800048828125,1690
2022-02-03 00:00:00+00:00,1803.0,1803.0,1808.0999755859375,1787.9000244140625,1805.800048828125,466
2022-02-04 00:00:00+00:00,1806.5999755859375,1806.5999755859375,1813.699951171875,1792.5,1806.0,571
2022-02-07 00:00:00+00:00,1820.5999755859375,1820.5999755859375,1821.300048828125,1809.0999755859375,1812.199951171875,601
2022-02-08 00:00:00+00:00,1826.5999755859375,1826.5999755859375,1827.5999755859375,1815.0,1818.9000244140625,108
2022-02-09 00:00:00+00:00,1835.199951171875,1835.199951171875,1835.199951171875,1825.300048828125,1825.4000244140625,683
2022-02-10 00:00:00+00:00,1836.199951171875,1836.199951171875,1842.0999755859375,1820.800048828125,1833.300048828125,365
2022-02-11 00:00:00+00:00,1840.800048828125,1840.800048828125,1864.800048828125,1822.0,1822.0,181
2022-02-14 00:00:00+00:00,1868.0,1868.0,1870.5999755859375,1854.5999755859375,1861.800048828125,79
2022-02-15 00:00:00+00:00,1854.800048828125,1854.800048828125,1879.699951171875,1847.4000244140625,1872.5999755859375,86
2022-02-16 00:00:00+00:00,1870.199951171875,1870.199951171875,1870.199951171875,1856.300048828125,1858.699951171875,34
2022-02-17 00:00:00+00:00,1900.699951171875,1900.699951171875,1900.699951171875,1876.199951171875,1876.300048828125,393
2022-02-18 00:00:00+00:00,1898.5999755859375,1898.5999755859375,1899.4000244140625,1890.699951171875,1899.4000244140625,51
2022-02-22 00:00:00+00:00,1906.0999755859375,1906.0999755859375,1912.0,1890.800048828125,1908.0999755859375,173
2022-02-23 00:00:00+00:00,1909.199951171875,1909.199951171875,1910.5999755859375,1895.699951171875,1896.5999755859375,73
2022-02-24 00:00:00+00:00,1925.0999755859375,1925.0999755859375,1972.5,1911.699951171875,1911.9000244140625,2706
2022-02-25 00:00:00+00:00,1886.5,1886.5,1920.0,1883.5999755859375,1906.9000244140625,586
2022-02-28 00:00:00+00:00,1899.4000244140625,1899.4000244140625,1928.4000244140625,1894.199951171875,1928.300048828125,390
2022-03-01 00:00:00+00:00,1942.4000244140625,1942.4000244140625,1942.4000244140625,1903.800048828125,1908.300048828125,547
2022-03-02 00:00:00+00:00,1920.9000244140625,1920.9000244140625,1948.199951171875,1919.800048828125,1945.5999755859375,109
2022-03-03 00:00:00+00:00,1934.4000244140625,1934.4000244140625,1940.300048828125,1924.800048828125,1930.5,122
2022-03-04 00:00:00+00:00,1965.0999755859375,1965.0999755859375,1970.9000244140625,1935.5999755859375,1937.0,47
2022-03-07 00:00:00+00:00,1993.9000244140625,1993.9000244140625,2001.0999755859375,1963.0,1989.0,2516
2022-03-08 00:00:00+00:00,2040.0999755859375,2040.0999755859375,2072.0,1998.0,1999.4000244140625,1813
2022-03-09 00:00:00+00:00,1985.9000244140625,1985.9000244140625,2063.0,1980.800048828125,2053.60009765625,1022
2022-03-10 00:00:00+00:00,1998.0999755859375,1998.0999755859375,2010.5,1978.0999755859375,1978.0999755859375,670
2022-03-11 00:00:00+00:00,1982.699951171875,1982.699951171875,1996.0,1959.9000244140625,1985.0,865
2022-03-14 00:00:00+00:00,1959.5999755859375,1959.5999755859375,1977.699951171875,1959.5999755859375,1976.5,145
2022-03-15 00:00:00+00:00,1928.5,1928.5,1939.9000244140625,1910.699951171875,1939.800048828125,71
2022-03-16 00:00:00+00:00,1908.0,1908.0,1922.4000244140625,1907.199951171875,1922.4000244140625,104
2022-03-17 00:00:00+00:00,1942.0999755859375,1942.0999755859375,1947.199951171875,1933.9000244140625,1933.9000244140625,39
2022-03-18 00:00:00+00:00,1928.199951171875,1928.199951171875,1939.300048828125,1928.199951171875,1934.5,28
2022-03-21 00:00:00+00:00,1928.5999755859375,1928.5999755859375,1928.5999755859375,1925.0,1925.4000244140625,5
2022-03-22 00:00:00+00:00,1920.699951171875,1920.699951171875,1920.699951171875,1920.699951171875,1920.699951171875,26
2022-03-23 00:00:00+00:00,1936.5999755859375,1936.5999755859375,1936.5999755859375,1936.5999755859375,1936.5999755859375,204
2022-03-24 00:00:00+00:00,1961.5999755859375,1961.5999755859375,1964.0,1961.5999755859375,1963.5999755859375,8
2022-03-25 00:00:00+00:00,1953.800048828125,1953.800048828125,1953.800048828125,1953.800048828125,1953.800048828125,83
2022-03-28 00:00:00+00:00,1939.5999755859375,1939.5999755859375,1939.5999755859375,1932.5999755859375,1932.5999755859375,7
2022-03-29 00:00:00+00:00,1912.0,1912.0,1912.0,1893.5,1893.5,128051
2022-03-30 00:00:00+00:00,1933.5,1933.5,1937.0,1914.5,1918.4000244140625,17765
2022-03-31 00:00:00+00:00,1949.199951171875,1949.199951171875,1949.9000244140625,1919.0999755859375,1933.5,3617
2022-04-01 00:00:00+00:00,1919.0999755859375,1919.0999755859375,1938.0,1917.0,1935.0,1016
2022-04-04 00:00:00+00:00,1929.199951171875,1929.199951171875,1936.0999755859375,1915.5999755859375,1921.199951171875,371
2022-04-05 00:00:00+00:00,1922.9000244140625,1922.9000244140625,1943.5,1918.4000244140625,1927.0999755859375,412
2022-04-06 00:00:00+00:00,1918.4000244140625,1918.4000244140625,1931.800048828125,1916.699951171875,1916.699951171875,138
2022-04-07 00:00:00+00:00,1933.800048828125,1933.800048828125,1934.800048828125,1919.5,1919.5,311
2022-04-08 00:00:00+00:00,1941.5999755859375,1941.5999755859375,1947.699951171875,1928.800048828125,1928.800048828125,153
2022-04-11 00:00:00+00:00,1944.300048828125,1944.300048828125,1968.4000244140625,1941.800048828125,1946.5999755859375,163
2022-04-12 00:00:00+00:00,1972.0999755859375,1972.0999755859375,1977.0999755859375,1950.5999755859375,1952.5,246
2022-04-13 00:00:00+00:00,1981.0,1981.0,1981.0,1969.5,1969.5,204
2022-04-14 00:00:00+00:00,1970.9000244140625,1970.9000244140625,1978.699951171875,1963.0,1977.199951171875,101
2022-04-18 00:00:00+00:00,1982.9000244140625,1982.9000244140625,1997.0999755859375,1972.800048828125,1973.4000244140625,196
2022-04-19 00:00:00+00:00,1955.699951171875,1955.699951171875,1978.300048828125,1945.699951171875,1973.800048828125,130
2022-04-20 00:00:00+00:00,1952.300048828125,1952.300048828125,1953.5999755859375,1945.5,1945.5,621
2022-04-21 00:00:00+00:00,1944.9000244140625,1944.9000244140625,1944.9000244140625,1942.5,1942.5,4
2022-04-22 00:00:00+00:00,1931.0,1931.0,1950.4000244140625,1930.199951171875,1949.5999755859375,178
2022-04-25 00:00:00+00:00,1893.199951171875,1893.199951171875,1925.0,1889.300048828125,1925.0,748
2022-04-26 00:00:00+00:00,1901.4000244140625,1901.4000244140625,1909.0999755859375,1894.0,1900.5,302
2022-04-27 00:00:00+00:00,1885.9000244140625,1885.9000244140625,1900.5999755859375,1882.199951171875,1897.800048828125,1786
2022-04-28 00:00:00+00:00,1888.699951171875,1888.699951171875,1893.0,1872.9000244140625,1883.800048828125,513
2022-04-29 00:00:00+00:00,1909.300048828125,1909.300048828125,1918.199951171875,1902.4000244140625,1902.699951171875,132
2022-05-02 00:00:00+00:00,1861.800048828125,1861.800048828125,1896.800048828125,1853.0,1896.699951171875,385
2022-05-03 00:00:00+00:00,1868.800048828125,1868.800048828125,1868.800048828125,1868.800048828125,1868.800048828125,466
2022-05-04 00:00:00+00:00,1867.0,1867.0,1867.0,1867.0,1867.0,1
2022-05-05 00:00:00+00:00,1874.0,1874.0,1904.300048828125,1874.0,1897.0,80
2022-05-06 00:00:00+00:00,1881.199951171875,1881.199951171875,1890.300048828125,1871.5,1874.699951171875,214
2022-05-09 00:00:00+00:00,1857.0999755859375,1857.0999755859375,1867.5,1854.0,1866.5999755859375,304
2022-05-10 00:00:00+00:00,1839.9000244140625,1839.9000244140625,1839.9000244140625,1839.9000244140625,1839.9000244140625,1540
2022-05-11 00:00:00+00:00,1852.5999755859375,1852.5999755859375,1852.5999755859375,1841.0,1841.5,892
2022-05-12 00:00:00+00:00,1823.800048828125,1823.800048828125,1851.9000244140625,1822.199951171875,1849.800048828125,153
2022-05-13 00:00:00+00:00,1807.4000244140625,1807.4000244140625,1825.0,1807.4000244140625,1825.0,335
2022-05-16 00:00:00+00:00,1813.5,1813.5,1813.5,1787.0,1790.5,34
2022-05-17 00:00:00+00:00,1818.199951171875,1818.199951171875,1828.5999755859375,1816.699951171875,1824.9000244140625,121
2022-05-18 00:00:00+00:00,1815.9000244140625,1815.9000244140625,1819.699951171875,1805.0,1815.0,311
2022-05-19 00:00:00+00:00,1841.199951171875,1841.199951171875,1841.199951171875,1810.699951171875,1810.9000244140625,138
2022-05-20 00:00:00+00:00,1841.800048828125,1841.800048828125,1841.800048828125,1836.300048828125,1839.0999755859375,110
2022-05-23 00:00:00+00:00,1847.800048828125,1847.800048828125,1863.0,1845.800048828125,1846.300048828125,216
2022-05-24 00:00:00+00:00,1865.0999755859375,1865.0999755859375,1867.0,1852.5,1852.5,33
2022-05-25 00:00:00+00:00,1846.199951171875,1846.199951171875,1846.199951171875,1846.199951171875,1846.199951171875,0
2022-05-26 00:00:00+00:00,1847.4000244140625,1847.4000244140625,1847.4000244140625,1840.4000244140625,1840.4000244140625,123355
2022-05-27 00:00:00+00:00,1851.300048828125,1851.300048828125,1860.699951171875,1845.9000244140625,1848.300048828125,30091
2022-05-31 00:00:00+00:00,1842.699951171875,1842.699951171875,1862.0999755859375,1832.800048828125,1850.300048828125,4073
2022-06-01 00:00:00+00:00,1843.300048828125,1843.300048828125,1847.9000244140625,1825.300048828125,1831.0,1623
2022-06-02 00:00:00+00:00,1866.5,1866.5,1868.699951171875,1842.0999755859375,1845.4000244140625,551
2022-06-03 00:00:00+00:00,1845.4000244140625,1845.4000244140625,1871.800048828125,1845.4000244140625,1867.5999755859375,53
2022-06-06 00:00:00+00:00,1839.199951171875,1839.199951171875,1854.0999755859375,1839.199951171875,1849.0,142
2022-06-07 00:00:00+00:00,1847.5,1847.5,1851.5999755859375,1835.0,1836.9000244140625,1168
2022-06-08 00:00:00+00:00,1851.9000244140625,1851.9000244140625,1855.0,1844.4000244140625,1844.800048828125,218
2022-06-09 00:00:00+00:00,1848.800048828125,1848.800048828125,1850.0999755859375,1837.9000244140625,1846.0999755859375,159
2022-06-10 00:00:00+00:00,1871.5,1871.5,1875.5999755859375,1823.9000244140625,1842.699951171875,1490
2022-06-13 00:00:00+00:00,1828.0,1828.0,1873.800048828125,1818.699951171875,1873.800048828125,127
2022-06-14 00:00:00+00:00,1809.5,1809.5,1825.5,1805.300048828125,1825.0,536
2022-06-15 00:00:00+00:00,1815.300048828125,1815.300048828125,1839.0,1810.800048828125,1814.0999755859375,108
2022-06-16 00:00:00+00:00,1845.699951171875,1845.699951171875,1850.5999755859375,1814.9000244140625,1819.199951171875,136
2022-06-17 00:00:00+00:00,1835.5999755859375,1835.5999755859375,1853.699951171875,1833.5999755859375,1853.699951171875,170
2022-06-21 00:00:00+00:00,1834.5999755859375,1834.5999755859375,1838.5999755859375,1830.0999755859375,1835.300048828125,216
2022-06-22 00:00:00+00:00,1834.300048828125,1834.300048828125,1842.699951171875,1821.5999755859375,1829.5,115
2022-06-23 00:00:00+00:00,1825.699951171875,1825.699951171875,1841.199951171875,1825.699951171875,1835.5,9
2022-06-24 00:00:00+00:00,1826.5,1826.5,1826.5,1815.800048828125,1820.5,61
2022-06-27 00:00:00+00:00,1820.9000244140625,1820.9000244140625,1830.699951171875,1819.9000244140625,1830.5,77
2022-06-28 00:00:00+00:00,1817.5,1817.5,1826.0,1817.5,1824.199951171875,391
2022-06-29 00:00:00+00:00,1813.699951171875,1813.699951171875,1830.300048828125,1812.800048828125,1818.300048828125,173
2022-06-30 00:00:00+00:00,1804.0999755859375,1804.0999755859375,1817.300048828125,1801.0,1809.5999755859375,328
2022-07-01 00:00:00+00:00,1798.9000244140625,1798.9000244140625,1806.0999755859375,1791.5999755859375,1795.5,77
2022-07-05 00:00:00+00:00,1761.800048828125,1761.800048828125,1805.4000244140625,1761.800048828125,1805.4000244140625,64
2022-07-06 00:00:00+00:00,1734.9000244140625,1734.9000244140625,1768.0,1734.0,1762.5,1729
2022-07-07 00:00:00+00:00,1737.9000244140625,1737.9000244140625,1745.199951171875,1737.0,1745.199951171875,1869
2022-07-08 00:00:00+00:00,1740.5999755859375,1740.5999755859375,1749.300048828125,1732.0999755859375,1738.0999755859375,370
2022-07-11 00:00:00+00:00,1730.0,1730.0,1736.699951171875,1730.0,1732.5,75
2022-07-12 00:00:00+00:00,1723.300048828125,1723.300048828125,1735.5,1723.300048828125,1734.199951171875,451
2022-07-13 00:00:00+00:00,1734.199951171875,1734.199951171875,1734.199951171875,1710.0,1710.0,368
2022-07-14 00:00:00+00:00,1704.5,1704.5,1710.5,1704.5,1710.300048828125,1289
2022-07-15 00:00:00+00:00,1702.4000244140625,1702.4000244140625,1709.699951171875,1701.0999755859375,1705.4000244140625,721
2022-07-18 00:00:00+00:00,1709.199951171875,1709.199951171875,1712.4000244140625,1709.199951171875,1712.199951171875,264
2022-07-19 00:00:00+00:00,1710.0,1710.0,1714.4000244140625,1706.0999755859375,1712.300048828125,1684
2022-07-20 00:00:00+00:00,1699.5,1699.5,1708.5,1699.5,1707.0999755859375,130
2022-07-21 00:00:00+00:00,1712.699951171875,1712.699951171875,1715.5,1679.800048828125,1687.0,183
2022-07-22 00:00:00+00:00,1727.0999755859375,1727.0999755859375,1735.0,1713.0,1713.300048828125,61
2022-07-25 00:00:00+00:00,1719.0,1719.0,1732.0,1719.0,1727.0,67
2022-07-26 00:00:00+00:00,1717.699951171875,1717.699951171875,1718.0,1717.699951171875,1718.0,1
2022-07-27 00:00:00+00:00,1719.0999755859375,1719.0999755859375,1719.0999755859375,1719.0999755859375,1719.0999755859375,144865
2022-07-28 00:00:00+00:00,1750.300048828125,1750.300048828125,1755.0,1732.0,1732.300048828125,37236
2022-07-29 00:00:00+00:00,1762.9000244140625,1762.9000244140625,1765.699951171875,1750.0,1754.0,3485
2022-08-01 00:00:00+00:00,1769.0,1769.0,1772.5,1756.0999755859375,1763.9000244140625,705
2022-08-02 00:00:00+00:00,1771.0999755859375,1771.0999755859375,1786.5999755859375,1759.4000244140625,1772.0999755859375,1078
2022-08-03 00:00:00+00:00,1758.0,1758.0,1770.5,1753.0,1756.699951171875,399
2022-08-04 00:00:00+00:00,1788.5,1788.5,1792.0999755859375,1767.699951171875,1769.4000244140625,285
2022-08-05 00:00:00+00:00,1772.9000244140625,1772.9000244140625,1791.4000244140625,1764.199951171875,1791.199951171875,645
2022-08-08 00:00:00+00:00,1786.800048828125,1786.800048828125,1786.800048828125,1771.800048828125,1771.800048828125,127
2022-08-09 00:00:00+00:00,1794.0,1794.0,1796.0999755859375,1789.0,1790.0,249
2022-08-10 00:00:00+00:00,1795.5999755859375,1795.5999755859375,1804.9000244140625,1787.800048828125,1804.4000244140625,601
2022-08-11 00:00:00+00:00,1789.699951171875,1789.699951171875,1794.300048828125,1785.699951171875,1794.300048828125,1235
2022-08-12 00:00:00+00:00,1798.5999755859375,1798.5999755859375,1800.4000244140625,1784.300048828125,1786.300048828125,187
2022-08-15 00:00:00+00:00,1781.4000244140625,1781.4000244140625,1799.0,1774.699951171875,1799.0,64
2022-08-16 00:00:00+00:00,1773.199951171875,1773.199951171875,1777.4000244140625,1771.4000244140625,1777.4000244140625,308
2022-08-17 00:00:00+00:00,1760.300048828125,1760.300048828125,1769.699951171875,1760.0,1769.699951171875,23
2022-08-18 00:00:00+00:00,1755.300048828125,1755.300048828125,1762.9000244140625,1753.4000244140625,1762.9000244140625,321
2022-08-19 00:00:00+00:00,1747.5999755859375,1747.5999755859375,1754.300048828125,1747.5,1753.699951171875,49
2022-08-22 00:00:00+00:00,1734.0,1734.0,1740.5,1726.5,1740.5,347
2022-08-23 00:00:00+00:00,1746.800048828125,1746.800048828125,1748.9000244140625,1731.9000244140625,1738.0,509
2022-08-24 00:00:00+00:00,1747.800048828125,1747.800048828125,1751.800048828125,1743.5999755859375,1745.0,187
2022-08-25 00:00:00+00:00,1757.699951171875,1757.699951171875,1761.800048828125,1755.0,1761.5999755859375,172
2022-08-26 00:00:00+00:00,1736.0999755859375,1736.0999755859375,1755.0,1736.0999755859375,1754.0,202
2022-08-29 00:00:00+00:00,1736.5999755859375,1736.5999755859375,1741.199951171875,1732.0999755859375,1732.4000244140625,950
2022-08-30 00:00:00+00:00,1723.199951171875,1723.199951171875,1739.0,1720.699951171875,1736.4000244140625,385
2022-08-31 00:00:00+00:00,1712.800048828125,1712.800048828125,1720.9000244140625,1708.5,1718.300048828125,2133
2022-09-01 00:00:00+00:00,1696.5999755859375,1696.5999755859375,1707.9000244140625,1693.9000244140625,1707.9000244140625,683
2022-09-02 00:00:00+00:00,1709.800048828125,1709.800048828125,1715.699951171875,1703.0999755859375,1703.4000244140625,182
2022-09-06 00:00:00+00:00,1700.4000244140625,1700.4000244140625,1717.4000244140625,1699.699951171875,1709.699951171875,697
2022-09-07 00:00:00+00:00,1715.300048828125,1715.300048828125,1715.300048828125,1694.699951171875,1694.800048828125,651
2022-09-08 00:00:00+00:00,1708.0,1708.0,1718.199951171875,1705.300048828125,1718.199951171875,1193
2022-09-09 00:00:00+00:00,1716.199951171875,1716.199951171875,1720.0,1712.800048828125,1719.199951171875,635
2022-09-12 00:00:00+00:00,1728.0999755859375,1728.0999755859375,1728.0999755859375,1727.4000244140625,1727.4000244140625,68
2022-09-13 00:00:00+00:00,1705.0,1705.0,1720.5,1697.300048828125,1720.5,432
2022-09-14 00:00:00+00:00,1696.5,1696.5,1701.800048828125,1696.5,1698.699951171875,532
2022-09-15 00:00:00+00:00,1665.4000244140625,1665.4000244140625,1686.0,1662.300048828125,1685.5,1125
2022-09-16 00:00:00+00:00,1671.699951171875,1671.699951171875,1674.9000244140625,1651.699951171875,1660.4000244140625,464
2022-09-19 00:00:00+00:00,1666.199951171875,1666.199951171875,1669.4000244140625,1658.5,1661.800048828125,580
2022-09-20 00:00:00+00:00,1659.699951171875,1659.699951171875,1659.699951171875,1659.699951171875,1659.699951171875,2830
2022-09-21 00:00:00+00:00,1664.5999755859375,1664.5999755859375,1680.0999755859375,1664.5999755859375,1665.5,2337
2022-09-22 00:00:00+00:00,1670.800048828125,1670.800048828125,1670.800048828125,1668.300048828125,1668.300048828125,973
2022-09-23 00:00:00+00:00,1645.300048828125,1645.300048828125,1667.0,1645.300048828125,1667.0,1224
2022-09-26 00:00:00+00:00,1623.300048828125,1623.300048828125,1623.300048828125,1623.300048828125,1623.300048828125,1205
2022-09-27 00:00:00+00:00,1626.699951171875,1626.699951171875,1636.5999755859375,1626.699951171875,1632.199951171875,888
2022-09-28 00:00:00+00:00,1660.4000244140625,1660.4000244140625,1660.4000244140625,1620.4000244140625,1620.4000244140625,18311
2022-09-29 00:00:00+00:00,1658.5,1658.5,1662.5999755859375,1640.0,1657.0,6028
2022-09-30 00:00:00+00:00,1662.4000244140625,1662.4000244140625,1672.699951171875,1658.0,1661.699951171875,548
2022-10-03 00:00:00+00:00,1692.9000244140625,1692.9000244140625,1700.0,1661.9000244140625,1667.199951171875,410
2022-10-04 00:00:00+00:00,1721.0999755859375,1721.0999755859375,1728.0,1696.0,1701.199951171875,291
2022-10-05 00:00:00+00:00,1711.4000244140625,1711.4000244140625,1726.5999755859375,1703.0,1724.0999755859375,418
2022-10-06 00:00:00+00:00,1711.699951171875,1711.699951171875,1723.300048828125,1709.0999755859375,1721.0,133
2022-10-07 00:00:00+00:00,1700.5,1700.5,1710.0999755859375,1693.699951171875,1710.0999755859375,179
2022-10-10 00:00:00+00:00,1667.300048828125,1667.300048828125,1693.4000244140625,1667.0,1693.4000244140625,195
2022-10-11 00:00:00+00:00,1678.699951171875,1678.699951171875,1678.699951171875,1661.0,1661.800048828125,167
2022-10-12 00:00:00+00:00,1670.300048828125,1670.300048828125,1672.699951171875,1668.0,1668.0,149
2022-10-13 00:00:00+00:00,1670.0,1670.0,1675.300048828125,1641.5,1675.199951171875,729
2022-10-14 00:00:00+00:00,1641.699951171875,1641.699951171875,1667.0,1640.0,1665.300048828125,82
2022-10-17 00:00:00+00:00,1657.0,1657.0,1657.0,1646.800048828125,1650.199951171875,238
2022-10-18 00:00:00+00:00,1649.0,1649.0,1655.199951171875,1649.0,1651.4000244140625,597
2022-10-19 00:00:00+00:00,1627.5,1627.5,1637.5,1627.5,1637.5,84
2022-10-20 00:00:00+00:00,1630.800048828125,1630.800048828125,1641.4000244140625,1622.800048828125,1622.800048828125,477
2022-10-21 00:00:00+00:00,1651.0,1651.0,1653.9000244140625,1634.0999755859375,1634.0999755859375,224
2022-10-24 00:00:00+00:00,1648.699951171875,1648.699951171875,1662.699951171875,1648.699951171875,1662.699951171875,29
2022-10-25 00:00:00+00:00,1652.800048828125,1652.800048828125,1652.800048828125,1637.300048828125,1648.199951171875,880
2022-10-26 00:00:00+00:00,1664.0,1664.0,1667.0,1649.800048828125,1649.800048828125,89
2022-10-27 00:00:00+00:00,1660.699951171875,1660.699951171875,1660.699951171875,1660.699951171875,1660.699951171875,2298
2022-10-28 00:00:00+00:00,1639.5999755859375,1639.5999755859375,1661.0,1638.699951171875,1661.0,626
2022-10-31 00:00:00+00:00,1635.9000244140625,1635.9000244140625,1641.800048828125,1633.4000244140625,1641.800048828125,522
2022-11-01 00:00:00+00:00,1645.0,1645.0,1653.699951171875,1630.800048828125,1630.800048828125,985
2022-11-02 00:00:00+00:00,1645.699951171875,1645.699951171875,1664.699951171875,1634.0,1650.800048828125,612
2022-11-03 00:00:00+00:00,1627.300048828125,1627.300048828125,1629.199951171875,1615.0999755859375,1629.199951171875,1427
2022-11-04 00:00:00+00:00,1672.5,1672.5,1674.5,1629.0,1630.199951171875,159
2022-11-07 00:00:00+00:00,1676.5,1676.5,1677.9000244140625,1672.9000244140625,1676.9000244140625,42
2022-11-08 00:00:00+00:00,1712.0999755859375,1712.0999755859375,1712.0999755859375,1703.199951171875,1703.199951171875,23
2022-11-09 00:00:00+00:00,1710.0999755859375,1710.0999755859375,1720.199951171875,1706.0,1707.4000244140625,497
2022-11-10 00:00:00+00:00,1750.300048828125,1750.300048828125,1750.300048828125,1708.199951171875,1708.199951171875,325
2022-11-11 00:00:00+00:00,1766.0,1766.0,1766.0,1757.5999755859375,1763.800048828125,257
2022-11-14 00:00:00+00:00,1773.5999755859375,1773.5999755859375,1773.5999755859375,1761.5999755859375,1762.0,358
2022-11-15 00:00:00+00:00,1773.800048828125,1773.800048828125,1773.800048828125,1769.9000244140625,1770.800048828125,57
2022-11-16 00:00:00+00:00,1773.0,1773.0,1778.9000244140625,1773.0,1776.5999755859375,303
2022-11-17 00:00:00+00:00,1760.800048828125,1760.800048828125,1763.0,1756.0,1763.0,18
2022-11-18 00:00:00+00:00,1751.9000244140625,1751.9000244140625,1763.300048828125,1747.5999755859375,1763.300048828125,414
2022-11-21 00:00:00+00:00,1737.4000244140625,1737.4000244140625,1744.9000244140625,1736.0999755859375,1739.0,544
2022-11-22 00:00:00+00:00,1738.300048828125,1738.300048828125,1741.699951171875,1738.300048828125,1741.699951171875,15
2022-11-23 00:00:00+00:00,1744.9000244140625,1744.9000244140625,1750.9000244140625,1736.5,1736.5,39
2022-11-25 00:00:00+00:00,1753.300048828125,1753.300048828125,1757.9000244140625,1749.199951171875,1753.0,216
2022-11-28 00:00:00+00:00,1740.0999755859375,1740.0999755859375,1741.300048828125,1740.0999755859375,1741.300048828125,132767
2022-11-29 00:00:00+00:00,1748.4000244140625,1748.4000244140625,1758.199951171875,1737.9000244140625,1739.5,19416
2022-11-30 00:00:00+00:00,1746.0,1746.0,1769.4000244140625,1745.0999755859375,1748.0999755859375,3339
2022-12-01 00:00:00+00:00,1801.0999755859375,1801.0999755859375,1803.699951171875,1768.699951171875,1768.699951171875,1053
2022-12-02 00:00:00+00:00,1795.9000244140625,1795.9000244140625,1802.300048828125,1779.4000244140625,1802.0,1725
2022-12-05 00:00:00+00:00,1767.4000244140625,1767.4000244140625,1808.0,1764.300048828125,1795.699951171875,1713
2022-12-06 00:00:00+00:00,1769.300048828125,1769.300048828125,1779.4000244140625,1767.9000244140625,1768.5999755859375,105
2022-12-07 00:00:00+00:00,1785.5,1785.5,1790.300048828125,1769.300048828125,1769.300048828125,422
2022-12-08 00:00:00+00:00,1788.699951171875,1788.699951171875,1790.9000244140625,1782.0,1782.0,713
2022-12-09 00:00:00+00:00,1798.0999755859375,1798.0999755859375,1804.300048828125,1791.0999755859375,1794.9000244140625,125
2022-12-12 00:00:00+00:00,1780.5,1780.5,1793.9000244140625,1777.699951171875,1787.300048828125,85
2022-12-13 00:00:00+00:00,1813.9000244140625,1813.9000244140625,1819.800048828125,1780.5,1780.699951171875,205
2022-12-14 00:00:00+00:00,1807.5,1807.5,1812.800048828125,1797.9000244140625,1810.800048828125,1074
2022-12-15 00:00:00+00:00,1777.199951171875,1777.199951171875,1801.0,1774.800048828125,1801.0,421
2022-12-16 00:00:00+00:00,1790.0,1790.0,1791.4000244140625,1777.9000244140625,1777.9000244140625,206
2022-12-19 00:00:00+00:00,1787.699951171875,1787.699951171875,1796.300048828125,1785.5999755859375,1791.5999755859375,79
2022-12-20 00:00:00+00:00,1815.9000244140625,1815.9000244140625,1821.4000244140625,1786.5,1786.5,51
2022-12-21 00:00:00+00:00,1815.9000244140625,1815.9000244140625,1821.4000244140625,1814.4000244140625,1817.4000244140625,35
2022-12-22 00:00:00+00:00,1787.0,1787.0,1818.0999755859375,1785.0,1818.0999755859375,411
2022-12-23 00:00:00+00:00,1795.9000244140625,1795.9000244140625,1802.800048828125,1794.0999755859375,1794.300048828125,49
2022-12-27 00:00:00+00:00,1814.800048828125,1814.800048828125,1826.300048828125,1803.4000244140625,1803.4000244140625,69
2022-12-28 00:00:00+00:00,1807.9000244140625,1807.9000244140625,1807.9000244140625,1803.0999755859375,1803.199951171875,434
2022-12-29 00:00:00+00:00,1819.5,1819.5,1819.5,1805.800048828125,1805.800048828125,277
2022-12-30 00:00:00+00:00,1819.699951171875,1819.699951171875,1822.300048828125,1816.800048828125,1817.0,95
2023-01-03 00:00:00+00:00,1839.699951171875,1839.699951171875,1839.699951171875,1836.199951171875,1836.199951171875,29
2023-01-04 00:00:00+00:00,1852.800048828125,1852.800048828125,1859.0999755859375,1845.5999755859375,1845.5999755859375,25
2023-01-05 00:00:00+00:00,1834.800048828125,1834.800048828125,1855.199951171875,1834.800048828125,1855.199951171875,24
2023-01-06 00:00:00+00:00,1864.199951171875,1864.199951171875,1868.199951171875,1835.300048828125,1838.4000244140625,26
2023-01-09 00:00:00+00:00,1872.699951171875,1872.699951171875,1880.0,1867.0,1867.0,62
2023-01-10 00:00:00+00:00,1871.5999755859375,1871.5999755859375,1878.0999755859375,1871.5999755859375,1877.800048828125,101
2023-01-11 00:00:00+00:00,1874.5999755859375,1874.5999755859375,1877.800048828125,1873.0999755859375,1873.0999755859375,1236
2023-01-12 00:00:00+00:00,1895.5,1895.5,1897.4000244140625,1877.199951171875,1877.199951171875,59
2023-01-13 00:00:00+00:00,1918.4000244140625,1918.4000244140625,1920.9000244140625,1898.300048828125,1899.0,512
2023-01-17 00:00:00+00:00,1907.199951171875,1907.199951171875,1920.0999755859375,1905.199951171875,1920.0999755859375,706
2023-01-18 00:00:00+00:00,1904.4000244140625,1904.4000244140625,1911.0999755859375,1903.0999755859375,1911.0999755859375,1027
2023-01-19 00:00:00+00:00,1922.0999755859375,1922.0999755859375,1931.800048828125,1922.0999755859375,1922.0999755859375,371
2023-01-20 00:00:00+00:00,1926.4000244140625,1926.4000244140625,1928.5,1921.4000244140625,1922.0999755859375,1346
2023-01-23 00:00:00+00:00,1927.0999755859375,1927.0999755859375,1927.0999755859375,1915.0,1926.5,218
2023-01-24 00:00:00+00:00,1933.9000244140625,1933.9000244140625,1936.800048828125,1931.800048828125,1931.800048828125,201
2023-01-25 00:00:00+00:00,1941.199951171875,1941.199951171875,1941.199951171875,1939.800048828125,1941.199951171875,7
2023-01-26 00:00:00+00:00,1929.0999755859375,1929.0999755859375,1937.0999755859375,1927.0999755859375,1936.5999755859375,131
2023-01-27 00:00:00+00:00,1928.5999755859375,1928.5999755859375,1928.5999755859375,1928.5999755859375,1928.5999755859375,150902
2023-01-30 00:00:00+00:00,1922.9000244140625,1922.9000244140625,1933.5999755859375,1920.300048828125,1928.300048828125,27220
2023-01-31 00:00:00+00:00,1929.5,1929.5,1930.4000244140625,1900.5999755859375,1923.0,1910
2023-02-01 00:00:00+00:00,1927.800048828125,1927.800048828125,1955.0,1922.0,1927.199951171875,2290
2023-02-02 00:00:00+00:00,1916.300048828125,1916.300048828125,1959.0999755859375,1911.300048828125,1952.300048828125,748
2023-02-03 00:00:00+00:00,1862.9000244140625,1862.9000244140625,1917.0,1861.5,1912.4000244140625,992
2023-02-06 00:00:00+00:00,1866.199951171875,1866.199951171875,1880.0,1863.4000244140625,1865.5999755859375,424
2023-02-07 00:00:00+00:00,1871.699951171875,1871.699951171875,1875.699951171875,1868.0,1870.0,297
2023-02-08 00:00:00+00:00,1877.4000244140625,1877.4000244140625,1880.4000244140625,1872.0999755859375,1872.0999755859375,230
2023-02-09 00:00:00+00:00,1866.199951171875,1866.199951171875,1884.5999755859375,1859.800048828125,1875.300048828125,223
2023-02-10 00:00:00+00:00,1862.800048828125,1862.800048828125,1863.5,1852.4000244140625,1861.5999755859375,27
2023-02-13 00:00:00+00:00,1851.9000244140625,1851.9000244140625,1861.0,1850.0,1859.0,569
2023-02-14 00:00:00+00:00,1854.0,1854.0,1862.0,1846.199951171875,1854.0999755859375,656
2023-02-15 00:00:00+00:00,1834.199951171875,1834.199951171875,1842.0,1828.199951171875,1842.0,368
2023-02-16 00:00:00+00:00,1842.0,1842.0,1843.699951171875,1827.199951171875,1838.5999755859375,222
2023-02-17 00:00:00+00:00,1840.4000244140625,1840.4000244140625,1842.199951171875,1818.4000244140625,1827.4000244140625,35
2023-02-21 00:00:00+00:00,1833.0,1833.0,1843.0,1833.0,1842.5999755859375,862
2023-02-22 00:00:00+00:00,1832.0,1832.0,1836.199951171875,1825.0999755859375,1835.699951171875,278
2023-02-23 00:00:00+00:00,1818.0,1818.0,1827.5,1818.0,1826.4000244140625,291
2023-02-24 00:00:00+00:00,1808.800048828125,1808.800048828125,1808.800048828125,1808.800048828125,1808.800048828125,404
2023-02-27 00:00:00+00:00,1817.0,1817.0,1817.5,1808.9000244140625,1811.5999755859375,829
2023-02-28 00:00:00+00:00,1828.9000244140625,1828.9000244140625,1830.0,1808.0999755859375,1808.0999755859375,618
2023-03-01 00:00:00+00:00,1837.699951171875,1837.699951171875,1841.699951171875,1827.0999755859375,1827.0999755859375,211
2023-03-02 00:00:00+00:00,1833.5,1833.5,1836.300048828125,1830.0,1830.0,154
2023-03-03 00:00:00+00:00,1847.699951171875,1847.699951171875,1855.4000244140625,1837.300048828125,1837.300048828125,61
2023-03-06 00:00:00+00:00,1847.9000244140625,1847.9000244140625,1853.800048828125,1844.199951171875,1853.300048828125,5
2023-03-07 00:00:00+00:00,1813.9000244140625,1813.9000244140625,1840.9000244140625,1813.9000244140625,1840.9000244140625,450
2023-03-08 00:00:00+00:00,1812.699951171875,1812.699951171875,1812.9000244140625,1811.5,1811.5999755859375,75
2023-03-09 00:00:00+00:00,1829.300048828125,1829.300048828125,1829.300048828125,1815.5999755859375,1816.4000244140625,332
2023-03-10 00:00:00+00:00,1862.0,1862.0,1868.5,1852.0,1852.300048828125,248
2023-03-13 00:00:00+00:00,1911.699951171875,1911.699951171875,1913.0999755859375,1875.0999755859375,1890.800048828125,503
2023-03-14 00:00:00+00:00,1906.199951171875,1906.199951171875,1912.199951171875,1901.0999755859375,1912.199951171875,107
2023-03-15 00:00:00+00:00,1926.5999755859375,1926.5999755859375,1926.5999755859375,1898.5,1903.9000244140625,564
2023-03-16 00:00:00+00:00,1919.0,1919.0,1931.699951171875,1909.9000244140625,1909.9000244140625,394
2023-03-17 00:00:00+00:00,1969.800048828125,1969.800048828125,1985.0999755859375,1946.0,1946.0,82
2023-03-20 00:00:00+00:00,1979.199951171875,1979.199951171875,2003.9000244140625,1968.9000244140625,1988.300048828125,389
2023-03-21 00:00:00+00:00,1938.0,1938.0,1973.800048828125,1938.0,1973.800048828125,47
2023-03-22 00:00:00+00:00,1946.800048828125,1946.800048828125,1974.0,1946.800048828125,1946.800048828125,50
2023-03-23 00:00:00+00:00,1993.800048828125,1993.800048828125,1994.5999755859375,1990.5,1990.5,33
2023-03-24 00:00:00+00:00,1982.0999755859375,1982.0999755859375,1995.4000244140625,1982.0999755859375,1991.699951171875,19
2023-03-27 00:00:00+00:00,1952.4000244140625,1952.4000244140625,1957.199951171875,1952.4000244140625,1957.199951171875,877
2023-03-28 00:00:00+00:00,1972.4000244140625,1972.4000244140625,1972.4000244140625,1972.4000244140625,1972.4000244140625,21
2023-03-29 00:00:00+00:00,1966.0999755859375,1966.0999755859375,1966.0999755859375,1966.0999755859375,1966.0999755859375,88563
2023-03-30 00:00:00+00:00,1980.300048828125,1980.300048828125,1984.4000244140625,1954.9000244140625,1965.9000244140625,10119
2023-03-31 00:00:00+00:00,1969.0,1969.0,1986.800048828125,1968.0,1981.300048828125,957
2023-04-03 00:00:00+00:00,1983.9000244140625,1983.9000244140625,1991.699951171875,1950.0,1968.0999755859375,737
2023-04-04 00:00:00+00:00,2022.199951171875,2022.199951171875,2027.0999755859375,1979.0,1984.5999755859375,811
2023-04-05 00:00:00+00:00,2020.9000244140625,2020.9000244140625,2033.800048828125,2013.5999755859375,2022.0999755859375,525
2023-04-06 00:00:00+00:00,2011.9000244140625,2011.9000244140625,2023.300048828125,2005.0,2022.199951171875,0
2023-04-10 00:00:00+00:00,1989.0999755859375,1989.0999755859375,2006.5999755859375,1984.0,2000.0,652
2023-04-11 00:00:00+00:00,2004.800048828125,2004.800048828125,2006.5,1991.4000244140625,1991.4000244140625,68
2023-04-12 00:00:00+00:00,2010.9000244140625,2010.9000244140625,2025.699951171875,2005.199951171875,2005.199951171875,172
2023-04-13 00:00:00+00:00,2041.300048828125,2041.300048828125,2048.60009765625,2015.5999755859375,2015.5999755859375,1043
2023-04-14 00:00:00+00:00,2002.199951171875,2002.199951171875,2047.800048828125,1995.0,2041.0,718
2023-04-17 00:00:00+00:00,1994.199951171875,1994.199951171875,2007.5999755859375,1983.199951171875,2002.699951171875,554
2023-04-18 00:00:00+00:00,2007.4000244140625,2007.4000244140625,2007.4000244140625,1996.9000244140625,1996.9000244140625,72
2023-04-19 00:00:00+00:00,1995.199951171875,1995.199951171875,2006.4000244140625,1969.800048828125,2005.699951171875,61
2023-04-20 00:00:00+00:00,2007.5999755859375,2007.5999755859375,2007.5999755859375,1998.0,1998.0,164
2023-04-21 00:00:00+00:00,1979.5,1979.5,1996.199951171875,1974.0999755859375,1996.199951171875,132
2023-04-24 00:00:00+00:00,1989.0999755859375,1989.0999755859375,1989.800048828125,1977.4000244140625,1981.300048828125,145
2023-04-25 00:00:00+00:00,1994.0,1994.0,1999.0999755859375,1982.300048828125,1995.699951171875,306
2023-04-26 00:00:00+00:00,1985.699951171875,1985.699951171875,1998.800048828125,1985.5999755859375,1997.800048828125,615
2023-04-27 00:00:00+00:00,1989.9000244140625,1989.9000244140625,2002.300048828125,1979.9000244140625,1990.5999755859375,355
2023-04-28 00:00:00+00:00,1990.0999755859375,1990.0999755859375,1990.0999755859375,1977.699951171875,1986.9000244140625,152
2023-05-01 00:00:00+00:00,1983.4000244140625,1983.4000244140625,2005.0,1976.9000244140625,1980.0999755859375,210
2023-05-02 00:00:00+00:00,2014.300048828125,2014.300048828125,2018.0,1994.699951171875,1994.699951171875,1896
2023-05-03 00:00:00+00:00,2028.5999755859375,2028.5999755859375,2035.0999755859375,2015.199951171875,2017.0999755859375,1349
2023-05-04 00:00:00+00:00,2048.0,2048.0,2072.0,2040.0,2045.0,930
2023-05-05 00:00:00+00:00,2017.4000244140625,2017.4000244140625,2046.4000244140625,2004.300048828125,2046.4000244140625,59
2023-05-08 00:00:00+00:00,2026.300048828125,2026.300048828125,2026.300048828125,2022.5,2022.5,3
2023-05-09 00:00:00+00:00,2036.199951171875,2036.199951171875,2037.300048828125,2025.9000244140625,2026.5999755859375,241
2023-05-10 00:00:00+00:00,2030.5,2030.5,2044.300048828125,2029.5,2032.300048828125,248
2023-05-11 00:00:00+00:00,2014.699951171875,2014.699951171875,2038.300048828125,2014.0,2034.0999755859375,90
2023-05-12 00:00:00+00:00,2014.5,2014.5,2014.5,2014.5,2014.5,115
2023-05-15 00:00:00+00:00,2018.0,2018.0,2018.0,2013.800048828125,2013.800048828125,3
2023-05-16 00:00:00+00:00,1988.4000244140625,1988.4000244140625,1988.4000244140625,1988.4000244140625,1988.4000244140625,49
2023-05-17 00:00:00+00:00,1980.699951171875,1980.699951171875,1983.5999755859375,1980.699951171875,1983.5999755859375,13
2023-05-18 00:00:00+00:00,1956.5,1956.5,1956.800048828125,1956.5,1956.5,23
2023-05-19 00:00:00+00:00,1978.699951171875,1978.699951171875,1978.699951171875,1960.0,1960.0,106
2023-05-22 00:00:00+00:00,1974.800048828125,1974.800048828125,1980.5,1974.800048828125,1980.5,8
2023-05-23 00:00:00+00:00,1972.4000244140625,1972.4000244140625,1972.4000244140625,1972.4000244140625,1972.4000244140625,1
2023-05-24 00:00:00+00:00,1962.800048828125,1962.800048828125,1975.4000244140625,1962.800048828125,1975.4000244140625,189
2023-05-25 00:00:00+00:00,1943.0999755859375,1943.0999755859375,1943.0999755859375,1943.0999755859375,1943.0999755859375,1
2023-05-26 00:00:00+00:00,1944.0999755859375,1944.0999755859375,1948.4000244140625,1944.0999755859375,1948.199951171875,166036
2023-05-30 00:00:00+00:00,1958.0,1958.0,1962.5999755859375,1931.0,1942.699951171875,37838
2023-05-31 00:00:00+00:00,1963.9000244140625,1963.9000244140625,1973.0,1953.0,1958.199951171875,5959
2023-06-01 00:00:00+00:00,1978.0,1978.0,1983.0,1954.300048828125,1963.199951171875,750
2023-06-02 00:00:00+00:00,1952.4000244140625,1952.4000244140625,1982.5,1947.4000244140625,1977.0999755859375,356
2023-06-05 00:00:00+00:00,1958.0,1958.0,1961.9000244140625,1937.800048828125,1947.5,713
2023-06-06 00:00:00+00:00,1965.5,1965.5,1965.5,1958.800048828125,1960.800048828125,164
2023-06-07 00:00:00+00:00,1942.699951171875,1942.699951171875,1968.4000244140625,1940.699951171875,1959.0,139
2023-06-08 00:00:00+00:00,1963.5999755859375,1963.5999755859375,1969.0,1943.0999755859375,1943.199951171875,433
2023-06-09 00:00:00+00:00,1962.199951171875,1962.199951171875,1969.800048828125,1960.300048828125,1965.0999755859375,49
2023-06-12 00:00:00+00:00,1955.300048828125,1955.300048828125,1963.5,1951.4000244140625,1959.699951171875,212
2023-06-13 00:00:00+00:00,1944.5999755859375,1944.5999755859375,1967.5,1940.300048828125,1960.5999755859375,343
2023-06-14 00:00:00+00:00,1955.300048828125,1955.300048828125,1958.199951171875,1940.300048828125,1946.199951171875,202
2023-06-15 00:00:00+00:00,1957.800048828125,1957.800048828125,1958.800048828125,1926.0,1941.699951171875,329
2023-06-16 00:00:00+00:00,1958.4000244140625,1958.4000244140625,1962.9000244140625,1953.5,1961.4000244140625,119
2023-06-20 00:00:00+00:00,1935.5,1935.5,1958.5999755859375,1931.300048828125,1958.5999755859375,193
2023-06-21 00:00:00+00:00,1933.300048828125,1933.300048828125,1936.800048828125,1920.0,1935.5999755859375,557
2023-06-22 00:00:00+00:00,1912.699951171875,1912.699951171875,1921.0,1912.0999755859375,1920.0,237
2023-06-23 00:00:00+00:00,1919.0999755859375,1919.0999755859375,1932.5,1918.699951171875,1918.699951171875,105
2023-06-26 00:00:00+00:00,1923.699951171875,1923.699951171875,1928.5,1922.5,1922.9000244140625,71
2023-06-27 00:00:00+00:00,1914.0,1914.0,1929.4000244140625,1914.0,1927.0,49
2023-06-28 00:00:00+00:00,1912.300048828125,1912.300048828125,1912.300048828125,1912.300048828125,1912.300048828125,628
2023-06-29 00:00:00+00:00,1909.199951171875,1909.199951171875,1909.9000244140625,1892.5,1909.9000244140625,289
2023-06-30 00:00:00+00:00,1921.0999755859375,1921.0999755859375,1921.0999755859375,1900.5999755859375,1908.5999755859375,445
2023-07-03 00:00:00+00:00,1921.699951171875,1921.699951171875,1929.5,1917.9000244140625,1917.9000244140625,41
2023-07-05 00:00:00+00:00,1919.5999755859375,1919.5999755859375,1933.9000244140625,1914.699951171875,1923.5,193
2023-07-06 00:00:00+00:00,1908.699951171875,1908.699951171875,1910.199951171875,1903.199951171875,1909.300048828125,81
2023-07-07 00:00:00+00:00,1926.199951171875,1926.199951171875,1934.0999755859375,1913.4000244140625,1913.4000244140625,61
2023-07-10 00:00:00+00:00,1925.0,1925.0,1926.0999755859375,1912.300048828125,1923.5999755859375,269
2023-07-11 00:00:00+00:00,1931.300048828125,1931.300048828125,1937.0,1924.199951171875,1925.0,142
2023-07-12 00:00:00+00:00,1956.199951171875,1956.199951171875,1958.0,1932.199951171875,1932.300048828125,132
2023-07-13 00:00:00+00:00,1959.199951171875,1959.199951171875,1961.0999755859375,1953.0,1961.0999755859375,121
2023-07-14 00:00:00+00:00,1960.0999755859375,1960.0999755859375,1960.5999755859375,1952.699951171875,1958.4000244140625,94
2023-07-17 00:00:00+00:00,1952.4000244140625,1952.4000244140625,1956.5,1946.5999755859375,1954.0,29
2023-07-18 00:00:00+00:00,1977.199951171875,1977.199951171875,1978.4000244140625,1963.4000244140625,1968.800048828125,83
2023-07-19 00:00:00+00:00,1977.5,1977.5,1977.5,1973.0,1977.0,35
2023-07-20 00:00:00+00:00,1968.300048828125,1968.300048828125,1973.699951171875,1965.5999755859375,1973.699951171875,638
2023-07-21 00:00:00+00:00,1964.300048828125,1964.300048828125,1964.300048828125,1961.800048828125,1961.800048828125,50
2023-07-24 00:00:00+00:00,1960.300048828125,1960.300048828125,1965.5,1960.300048828125,1965.300048828125,2
2023-07-25 00:00:00+00:00,1962.0999755859375,1962.0999755859375,1962.5,1953.0,1953.0,19
2023-07-26 00:00:00+00:00,1968.9000244140625,1968.9000244140625,1972.0,1966.199951171875,1966.199951171875,51
2023-07-27 00:00:00+00:00,1945.4000244140625,1945.4000244140625,1945.4000244140625,1945.4000244140625,1945.4000244140625,194253
2023-07-28 00:00:00+00:00,1960.4000244140625,1960.4000244140625,1962.199951171875,1944.199951171875,1945.5,23155
2023-07-31 00:00:00+00:00,1970.5,1970.5,1971.5999755859375,1950.0,1959.199951171875,1025
2023-08-01 00:00:00+00:00,1940.699951171875,1940.699951171875,1965.4000244140625,1940.699951171875,1964.9000244140625,688
2023-08-02 00:00:00+00:00,1937.4000244140625,1937.4000244140625,1953.5999755859375,1933.199951171875,1948.4000244140625,652
2023-08-03 00:00:00+00:00,1932.0,1932.0,1936.5,1928.0,1934.199951171875,773
2023-08-04 00:00:00+00:00,1939.5999755859375,1939.5999755859375,1945.0,1920.0,1934.9000244140625,290
2023-08-07 00:00:00+00:00,1933.5,1933.5,1941.0,1929.800048828125,1941.0,376
2023-08-08 00:00:00+00:00,1924.0999755859375,1924.0999755859375,1933.199951171875,1923.0,1931.699951171875,555
2023-08-09 00:00:00+00:00,1915.4000244140625,1915.4000244140625,1928.800048828125,1913.699951171875,1925.4000244140625,451
2023-08-10 00:00:00+00:00,1914.4000244140625,1914.4000244140625,1927.800048828125,1911.4000244140625,1921.0999755859375,178
2023-08-11 00:00:00+00:00,1912.9000244140625,1912.9000244140625,1916.5999755859375,1911.800048828125,1913.0,57
2023-08-14 00:00:00+00:00,1910.5999755859375,1910.5999755859375,1912.5999755859375,1903.300048828125,1909.300048828125,46
2023-08-15 00:00:00+00:00,1902.5,1902.5,1907.699951171875,1895.0,1906.0,73
2023-08-16 00:00:00+00:00,1896.0999755859375,1896.0999755859375,1904.5,1890.300048828125,1904.5,22
2023-08-17 00:00:00+00:00,1884.0999755859375,1884.0999755859375,1902.4000244140625,1884.0,1893.699951171875,245
2023-08-18 00:00:00+00:00,1886.0999755859375,1886.0999755859375,1891.800048828125,1886.0999755859375,1891.800048828125,19
2023-08-21 00:00:00+00:00,1893.300048828125,1893.300048828125,1893.5999755859375,1893.300048828125,1893.5999755859375,876
2023-08-22 00:00:00+00:00,1896.4000244140625,1896.4000244140625,1896.800048828125,1892.800048828125,1894.5999755859375,46
2023-08-23 00:00:00+00:00,1918.5,1918.5,1918.5,1909.5999755859375,1909.5999755859375,547
2023-08-24 00:00:00+00:00,1918.199951171875,1918.199951171875,1920.800048828125,1918.199951171875,1920.0,337
2023-08-25 00:00:00+00:00,1911.0999755859375,1911.0999755859375,1919.800048828125,1911.0999755859375,1919.800048828125,195
2023-08-28 00:00:00+00:00,1917.9000244140625,1917.9000244140625,1921.5,1915.5,1915.5,99
2023-08-29 00:00:00+00:00,1936.5,1936.5,1936.5,1916.9000244140625,1917.9000244140625,1674
2023-08-30 00:00:00+00:00,1944.300048828125,1944.300048828125,1946.4000244140625,1934.5999755859375,1936.0,396
2023-08-31 00:00:00+00:00,1938.199951171875,1938.199951171875,1944.4000244140625,1938.199951171875,1944.4000244140625,491
2023-09-01 00:00:00+00:00,1939.800048828125,1939.800048828125,1950.0,1936.5999755859375,1950.0,167
2023-09-05 00:00:00+00:00,1926.199951171875,1926.199951171875,1934.4000244140625,1924.699951171875,1934.4000244140625,113
2023-09-06 00:00:00+00:00,1918.0999755859375,1918.0999755859375,1925.300048828125,1916.300048828125,1924.0999755859375,24
2023-09-07 00:00:00+00:00,1917.5,1917.5,1921.5,1917.5,1917.5999755859375,41
2023-09-08 00:00:00+00:00,1918.4000244140625,1918.4000244140625,1924.699951171875,1918.4000244140625,1924.0,105
2023-09-11 00:00:00+00:00,1923.300048828125,1923.300048828125,1928.300048828125,1921.800048828125,1923.0,50
2023-09-12 00:00:00+00:00,1911.300048828125,1911.300048828125,1920.800048828125,1911.300048828125,1920.800048828125,365
2023-09-13 00:00:00+00:00,1909.0999755859375,1909.0999755859375,1914.5999755859375,1908.9000244140625,1910.300048828125,15
2023-09-14 00:00:00+00:00,1910.0,1910.0,1910.0,1903.0,1903.0,169
2023-09-15 00:00:00+00:00,1923.699951171875,1923.699951171875,1927.300048828125,1923.5,1923.5,8
2023-09-18 00:00:00+00:00,1931.5,1931.5,1931.5,1926.4000244140625,1928.199951171875,19
2023-09-19 00:00:00+00:00,1932.0,1932.0,1934.0,1932.0,1934.0,6
2023-09-20 00:00:00+00:00,1945.5999755859375,1945.5999755859375,1945.5999755859375,1929.199951171875,1945.5999755859375,119
2023-09-21 00:00:00+00:00,1919.199951171875,1919.199951171875,1924.0,1919.199951171875,1924.0,9
2023-09-22 00:00:00+00:00,1925.4000244140625,1925.4000244140625,1925.4000244140625,1925.4000244140625,1925.4000244140625,1
2023-09-25 00:00:00+00:00,1916.5999755859375,1916.5999755859375,1916.5999755859375,1916.5999755859375,1916.5999755859375,114
2023-09-26 00:00:00+00:00,1900.4000244140625,1900.4000244140625,1905.0999755859375,1900.4000244140625,1905.0,161
2023-09-27 00:00:00+00:00,1871.5999755859375,1871.5999755859375,1871.5999755859375,1871.5999755859375,1871.5999755859375,12251
2023-09-28 00:00:00+00:00,1860.4000244140625,1860.4000244140625,1878.199951171875,1856.699951171875,1875.5,4654
2023-09-29 00:00:00+00:00,1848.0999755859375,1848.0999755859375,1872.300048828125,1846.0,1864.300048828125,1605
2023-10-02 00:00:00+00:00,1830.0,1830.0,1845.9000244140625,1826.699951171875,1844.0999755859375,2309
2023-10-03 00:00:00+00:00,1824.5999755859375,1824.5999755859375,1830.9000244140625,1816.800048828125,1825.0,310
2023-10-04 00:00:00+00:00,1818.5,1818.5,1828.199951171875,1816.4000244140625,1821.800048828125,357
2023-10-05 00:00:00+00:00,1816.5999755859375,1816.5999755859375,1826.300048828125,1815.5999755859375,1826.300048828125,393
2023-10-06 00:00:00+00:00,1830.199951171875,1830.199951171875,1831.800048828125,1809.4000244140625,1819.0,390
2023-10-09 00:00:00+00:00,1849.5,1849.5,1861.5,1842.5,1842.5,232
2023-10-10 00:00:00+00:00,1861.0,1861.0,1861.4000244140625,1852.800048828125,1857.0,236
2023-10-11 00:00:00+00:00,1872.800048828125,1872.800048828125,1874.5999755859375,1869.0999755859375,1869.5,65
2023-10-12 00:00:00+00:00,1869.300048828125,1869.300048828125,1881.199951171875,1867.0,1874.699951171875,46
2023-10-13 00:00:00+00:00,1927.4000244140625,1927.4000244140625,1930.0999755859375,1877.5,1877.5,43
2023-10-16 00:00:00+00:00,1921.0999755859375,1921.0999755859375,1921.0999755859375,1910.300048828125,1910.4000244140625,53
2023-10-17 00:00:00+00:00,1922.699951171875,1922.699951171875,1925.800048828125,1914.300048828125,1914.300048828125,103
2023-10-18 00:00:00+00:00,1955.300048828125,1955.300048828125,1957.9000244140625,1935.0,1935.0,67
2023-10-19 00:00:00+00:00,1968.4000244140625,1968.4000244140625,1977.699951171875,1945.699951171875,1950.0999755859375,1945
2023-10-20 00:00:00+00:00,1982.5,1982.5,1988.5999755859375,1980.4000244140625,1981.0999755859375,557
2023-10-23 00:00:00+00:00,1976.300048828125,1976.300048828125,1978.9000244140625,1972.9000244140625,1976.199951171875,127
2023-10-24 00:00:00+00:00,1975.0,1975.0,1975.0,1970.300048828125,1970.300048828125,10
2023-10-25 00:00:00+00:00,1984.0999755859375,1984.0999755859375,1985.300048828125,1971.199951171875,1971.199951171875,97
2023-10-26 00:00:00+00:00,1987.199951171875,1987.199951171875,1988.199951171875,1980.4000244140625,1988.199951171875,521
2023-10-27 00:00:00+00:00,1988.5999755859375,1988.5999755859375,1988.5999755859375,1988.5999755859375,1988.5999755859375,372
2023-10-30 00:00:00+00:00,1996.199951171875,1996.199951171875,2004.0999755859375,1992.5,2004.0999755859375,157
2023-10-31 00:00:00+00:00,1985.199951171875,1985.199951171875,2001.0,1983.699951171875,1996.5,84
2023-11-01 00:00:00+00:00,1978.800048828125,1978.800048828125,1990.5,1977.800048828125,1990.5,41
2023-11-02 00:00:00+00:00,1985.5999755859375,1985.5999755859375,1990.300048828125,1979.5,1989.0999755859375,39
2023-11-03 00:00:00+00:00,1991.5,1991.5,1991.5,1989.0,1989.0,12
2023-11-06 00:00:00+00:00,1981.5999755859375,1981.5999755859375,1981.5999755859375,1977.4000244140625,1981.5999755859375,130
2023-11-07 00:00:00+00:00,1966.800048828125,1966.800048828125,1966.800048828125,1960.699951171875,1966.5,20
2023-11-08 00:00:00+00:00,1951.5,1951.5,1967.800048828125,1947.699951171875,1967.800048828125,43
2023-11-09 00:00:00+00:00,1964.199951171875,1964.199951171875,1964.199951171875,1945.300048828125,1951.699951171875,10
2023-11-10 00:00:00+00:00,1932.5999755859375,1932.5999755859375,1959.5999755859375,1932.5999755859375,1959.5999755859375,375
2023-11-13 00:00:00+00:00,1945.5,1945.5,1947.199951171875,1934.0,1939.9000244140625,191
2023-11-14 00:00:00+00:00,1961.800048828125,1961.800048828125,1965.800048828125,1961.800048828125,1965.800048828125,2
2023-11-15 00:00:00+00:00,1960.0999755859375,1960.0999755859375,1962.800048828125,1960.0,1962.800048828125,6
2023-11-16 00:00:00+00:00,1983.9000244140625,1983.9000244140625,1983.9000244140625,1964.5999755859375,1965.300048828125,39
2023-11-17 00:00:00+00:00,1981.5999755859375,1981.5999755859375,1984.0,1979.800048828125,1982.5,32
2023-11-20 00:00:00+00:00,1977.699951171875,1977.699951171875,1979.4000244140625,1969.699951171875,1978.699951171875,182
2023-11-21 00:00:00+00:00,1999.300048828125,1999.300048828125,2005.5,1988.5,1990.699951171875,16
2023-11-22 00:00:00+00:00,1991.4000244140625,1991.4000244140625,1999.4000244140625,1991.0,1999.0999755859375,6075
2023-11-24 00:00:00+00:00,2002.199951171875,2002.199951171875,2002.199951171875,1991.5,1991.9000244140625,63
2023-11-27 00:00:00+00:00,2011.800048828125,2011.800048828125,2011.800048828125,2011.699951171875,2011.699951171875,228
2023-11-28 00:00:00+00:00,2039.699951171875,2039.699951171875,2042.699951171875,2039.699951171875,2040.5999755859375,174665
2023-11-29 00:00:00+00:00,2047.0999755859375,2047.0999755859375,2052.10009765625,2036.0,2041.699951171875,15290
2023-11-30 00:00:00+00:00,2038.0999755859375,2038.0999755859375,2047.0999755859375,2033.0999755859375,2046.0999755859375,2506
2023-12-01 00:00:00+00:00,2071.0,2071.0,2073.199951171875,2036.0,2038.300048828125,614
2023-12-04 00:00:00+00:00,2024.0999755859375,2024.0999755859375,2130.199951171875,2021.0,2075.300048828125,1071
2023-12-05 00:00:00+00:00,2018.5,2018.5,2037.0,2010.199951171875,2035.0999755859375,289
2023-12-06 00:00:00+00:00,2030.5,2030.5,2035.800048828125,2019.0,2019.9000244140625,417
2023-12-07 00:00:00+00:00,2029.9000244140625,2029.9000244140625,2034.9000244140625,2024.0,2029.199951171875,67
2023-12-08 00:00:00+00:00,1998.300048828125,1998.300048828125,2033.0999755859375,1995.0,2031.699951171875,449
2023-12-11 00:00:00+00:00,1978.0,1978.0,2004.199951171875,1977.199951171875,2004.0999755859375,651
2023-12-12 00:00:00+00:00,1977.800048828125,1977.800048828125,1994.199951171875,1977.800048828125,1984.199951171875,95
2023-12-13 00:00:00+00:00,1982.300048828125,1982.300048828125,2024.800048828125,1975.0,1978.5,2252
2023-12-14 00:00:00+00:00,2030.199951171875,2030.199951171875,2040.0999755859375,2024.300048828125,2024.699951171875,236
2023-12-15 00:00:00+00:00,2021.0999755859375,2021.0999755859375,2043.4000244140625,2018.300048828125,2032.5999755859375,261
2023-12-18 00:00:00+00:00,2026.300048828125,2026.300048828125,2032.800048828125,2024.0,2024.300048828125,100
2023-12-19 00:00:00+00:00,2038.4000244140625,2038.4000244140625,2042.699951171875,2025.199951171875,2025.199951171875,498
2023-12-20 00:00:00+00:00,2034.5,2034.5,2037.0999755859375,2030.300048828125,2037.0999755859375,258
2023-12-21 00:00:00+00:00,2039.0999755859375,2039.0999755859375,2044.5,2033.0,2035.800048828125,228
2023-12-22 00:00:00+00:00,2057.10009765625,2057.10009765625,2068.699951171875,2052.199951171875,2055.699951171875,202
2023-12-26 00:00:00+00:00,2058.199951171875,2058.199951171875,2060.800048828125,2054.199951171875,2060.0,64
2023-12-27 00:00:00+00:00,2081.89990234375,2081.89990234375,2081.89990234375,2064.800048828125,2067.300048828125,586
2023-12-28 00:00:00+00:00,2073.89990234375,2073.89990234375,2087.300048828125,2066.5,2081.60009765625,338
2023-12-29 00:00:00+00:00,2062.39990234375,2062.39990234375,2068.89990234375,2062.10009765625,2068.0,47
2024-01-02 00:00:00+00:00,2064.39990234375,2064.39990234375,2073.699951171875,2057.10009765625,2063.5,61
2024-01-03 00:00:00+00:00,2034.199951171875,2034.199951171875,2044.0,2034.199951171875,2034.199951171875,54
2024-01-04 00:00:00+00:00,2042.300048828125,2042.300048828125,2044.5,2038.0,2041.5999755859375,88
2024-01-05 00:00:00+00:00,2042.4000244140625,2042.4000244140625,2048.10009765625,2042.4000244140625,2044.5,12
2024-01-08 00:00:00+00:00,2026.5999755859375,2026.5999755859375,2033.699951171875,2019.0999755859375,2019.0999755859375,10
2024-01-09 00:00:00+00:00,2026.4000244140625,2026.4000244140625,2035.800048828125,2026.4000244140625,2035.800048828125,27
2024-01-10 00:00:00+00:00,2021.699951171875,2021.699951171875,2035.5999755859375,2021.699951171875,2029.0,538
2024-01-11 00:00:00+00:00,2014.300048828125,2014.300048828125,2025.0999755859375,2014.300048828125,2025.0999755859375,97
2024-01-12 00:00:00+00:00,2046.699951171875,2046.699951171875,2057.0,2031.0999755859375,2031.0999755859375,390
2024-01-16 00:00:00+00:00,2026.0,2026.0,2054.800048828125,2026.0,2051.699951171875,46
2024-01-17 00:00:00+00:00,2002.5999755859375,2002.5999755859375,2026.5,2002.5999755859375,2026.5,764
2024-01-18 00:00:00+00:00,2018.5999755859375,2018.5999755859375,2018.5999755859375,2009.5,2012.800048828125,1474
2024-01-19 00:00:00+00:00,2026.5,2026.5,2036.0,2019.5,2023.199951171875,50
2024-01-22 00:00:00+00:00,2019.800048828125,2019.800048828125,2021.300048828125,2019.800048828125,2021.300048828125,12
2024-01-23 00:00:00+00:00,2023.699951171875,2023.699951171875,2030.300048828125,2022.5,2030.300048828125,15
2024-01-24 00:00:00+00:00,2013.9000244140625,2013.9000244140625,2033.199951171875,2013.9000244140625,2023.199951171875,253
2024-01-25 00:00:00+00:00,2016.9000244140625,2016.9000244140625,2022.4000244140625,2012.0999755859375,2012.0999755859375,548
2024-01-26 00:00:00+00:00,2016.800048828125,2016.800048828125,2022.4000244140625,2016.800048828125,2021.699951171875,49
2024-01-29 00:00:00+00:00,2025.199951171875,2025.199951171875,2025.199951171875,2025.199951171875,2025.199951171875,150708
2024-01-30 00:00:00+00:00,2031.5,2031.5,2048.5,2028.0999755859375,2032.5,26907
2024-01-31 00:00:00+00:00,2048.39990234375,2048.39990234375,2055.0,2030.0,2035.4000244140625,2007
2024-02-01 00:00:00+00:00,2053.0,2053.0,2064.5,2029.0,2040.199951171875,947
2024-02-02 00:00:00+00:00,2036.0999755859375,2036.0999755859375,2055.89990234375,2027.699951171875,2054.800048828125,888
2024-02-05 00:00:00+00:00,2025.699951171875,2025.699951171875,2040.800048828125,2013.800048828125,2038.9000244140625,412
2024-02-06 00:00:00+00:00,2034.5,2034.5,2037.300048828125,2025.9000244140625,2025.9000244140625,249
2024-02-07 00:00:00+00:00,2035.199951171875,2035.199951171875,2039.5,2032.699951171875,2032.800048828125,71
2024-02-08 00:00:00+00:00,2032.199951171875,2032.199951171875,2036.699951171875,2020.300048828125,2028.0,341
2024-02-09 00:00:00+00:00,2023.300048828125,2023.300048828125,2032.0,2020.0,2032.0,62
2024-02-12 00:00:00+00:00,2018.199951171875,2018.199951171875,2025.5,2011.5999755859375,2025.5,317
2024-02-13 00:00:00+00:00,1992.9000244140625,1992.9000244140625,2025.800048828125,1990.0,2025.0999755859375,198
2024-02-14 00:00:00+00:00,1990.300048828125,1990.300048828125,1993.5,1984.800048828125,1990.300048828125,1916
2024-02-15 00:00:00+00:00,2002.0999755859375,2002.0999755859375,2007.199951171875,1993.5999755859375,1993.5999755859375,286
2024-02-16 00:00:00+00:00,2011.5,2011.5,2011.5,1996.5,2005.0,32
2024-02-20 00:00:00+00:00,2027.5,2027.5,2029.0,2015.5999755859375,2015.5999755859375,1326
2024-02-21 00:00:00+00:00,2022.300048828125,2022.300048828125,2028.199951171875,2022.300048828125,2028.199951171875,15
2024-02-22 00:00:00+00:00,2019.699951171875,2019.699951171875,2033.199951171875,2019.699951171875,2033.199951171875,964
2024-02-23 00:00:00+00:00,2038.5999755859375,2038.5999755859375,2038.5999755859375,2014.9000244140625,2026.0,22
2024-02-26 00:00:00+00:00,2028.5,2028.5,2035.4000244140625,2024.800048828125,2034.0999755859375,143
2024-02-27 00:00:00+00:00,2034.0,2034.0,2035.9000244140625,2034.0,2035.9000244140625,964
2024-02-28 00:00:00+00:00,2033.0,2033.0,2037.0,2024.800048828125,2029.5,581
2024-02-29 00:00:00+00:00,2045.699951171875,2045.699951171875,2049.800048828125,2034.300048828125,2034.300048828125,706
2024-03-01 00:00:00+00:00,2086.89990234375,2086.89990234375,2086.89990234375,2041.800048828125,2043.0999755859375,1210
2024-03-04 00:00:00+00:00,2117.699951171875,2117.699951171875,2119.800048828125,2080.699951171875,2083.60009765625,805
2024-03-05 00:00:00+00:00,2133.5,2133.5,2133.5,2111.39990234375,2114.89990234375,1287
2024-03-06 00:00:00+00:00,2150.300048828125,2150.300048828125,2150.300048828125,2125.5,2125.5,443
2024-03-07 00:00:00+00:00,2158.0,2158.0,2163.0,2147.0,2147.0,152
2024-03-08 00:00:00+00:00,2178.60009765625,2178.60009765625,2194.89990234375,2166.300048828125,2167.300048828125,259
2024-03-11 00:00:00+00:00,2182.5,2182.5,2184.0,2177.199951171875,2181.0,738
2024-03-12 00:00:00+00:00,2160.39990234375,2160.39990234375,2182.699951171875,2160.39990234375,2182.5,550
2024-03-13 00:00:00+00:00,2175.39990234375,2175.39990234375,2175.39990234375,2162.5,2162.5,20
2024-03-14 00:00:00+00:00,2163.0,2163.0,2163.0,2162.300048828125,2163.0,515
2024-03-15 00:00:00+00:00,2157.300048828125,2157.300048828125,2161.699951171875,2157.300048828125,2161.699951171875,100
2024-03-18 00:00:00+00:00,2160.699951171875,2160.699951171875,2160.699951171875,2146.199951171875,2146.199951171875,21
2024-03-19 00:00:00+00:00,2156.300048828125,2156.300048828125,2156.300048828125,2156.10009765625,2156.10009765625,12
2024-03-20 00:00:00+00:00,2157.89990234375,2157.89990234375,2185.89990234375,2150.89990234375,2157.300048828125,17
2024-03-21 00:00:00+00:00,2182.39990234375,2182.39990234375,2211.60009765625,2182.39990234375,2207.0,63
2024-03-22 00:00:00+00:00,2158.10009765625,2158.10009765625,2179.60009765625,2157.5,2179.199951171875,19
2024-03-25 00:00:00+00:00,2174.800048828125,2174.800048828125,2179.39990234375,2166.199951171875,2166.199951171875,79
2024-03-26 00:00:00+00:00,2175.60009765625,2175.60009765625,2182.699951171875,2175.60009765625,2182.699951171875,202373
2024-03-27 00:00:00+00:00,2190.60009765625,2190.60009765625,2196.199951171875,2172.10009765625,2179.39990234375,31200
2024-03-28 00:00:00+00:00,2217.39990234375,2217.39990234375,2234.10009765625,2187.10009765625,2193.60009765625,2040
2024-04-01 00:00:00+00:00,2236.5,2236.5,2264.199951171875,2230.0,2235.699951171875,400
2024-04-02 00:00:00+00:00,2261.0,2261.0,2279.199951171875,2247.60009765625,2252.0,435
2024-04-03 00:00:00+00:00,2294.39990234375,2294.39990234375,2298.800048828125,2267.89990234375,2281.699951171875,285
2024-04-04 00:00:00+00:00,2288.800048828125,2288.800048828125,2302.89990234375,2280.0,2301.699951171875,251
2024-04-05 00:00:00+00:00,2325.699951171875,2325.699951171875,2328.39990234375,2267.39990234375,2289.199951171875,344
2024-04-08 00:00:00+00:00,2331.699951171875,2331.699951171875,2341.800048828125,2319.0,2325.60009765625,202
2024-04-09 00:00:00+00:00,2343.5,2343.5,2364.699951171875,2337.800048828125,2337.800048828125,211
2024-04-10 00:00:00+00:00,2329.60009765625,2329.60009765625,2358.10009765625,2327.699951171875,2346.60009765625,377
2024-04-11 00:00:00+00:00,2354.800048828125,2354.800048828125,2376.300048828125,2330.60009765625,2341.5,283
2024-04-12 00:00:00+00:00,2356.199951171875,2356.199951171875,2429.0,2334.300048828125,2377.300048828125,584
2024-04-15 00:00:00+00:00,2365.800048828125,2365.800048828125,2384.699951171875,2326.0,2362.10009765625,1801
2024-04-16 00:00:00+00:00,2390.800048828125,2390.800048828125,2390.800048828125,2371.39990234375,2384.0,41
2024-04-17 00:00:00+00:00,2371.699951171875,2371.699951171875,2391.39990234375,2369.300048828125,2384.199951171875,37
2024-04-18 00:00:00+00:00,2382.300048828125,2382.300048828125,2384.39990234375,2368.39990234375,2368.39990234375,128
2024-04-19 00:00:00+00:00,2398.39990234375,2398.39990234375,2399.800048828125,2377.300048828125,2379.300048828125,160
2024-04-22 00:00:00+00:00,2332.199951171875,2332.199951171875,2383.300048828125,2326.89990234375,2383.300048828125,53
2024-04-23 00:00:00+00:00,2327.699951171875,2327.699951171875,2330.800048828125,2294.199951171875,2327.699951171875,171
2024-04-24 00:00:00+00:00,2324.5,2324.5,2328.699951171875,2314.60009765625,2321.300048828125,95
2024-04-25 00:00:00+00:00,2329.800048828125,2329.800048828125,2329.800048828125,2305.0,2315.0,1024
2024-04-26 00:00:00+00:00,2334.800048828125,2334.800048828125,2347.89990234375,2332.800048828125,2347.89990234375,717
2024-04-29 00:00:00+00:00,2345.39990234375,2345.39990234375,2345.5,2327.89990234375,2334.800048828125,405
2024-04-30 00:00:00+00:00,2291.39990234375,2291.39990234375,2322.5,2291.39990234375,2322.5,113
2024-05-01 00:00:00+00:00,2299.89990234375,2299.89990234375,2327.300048828125,2283.800048828125,2287.699951171875,42
2024-05-02 00:00:00+00:00,2299.199951171875,2299.199951171875,2324.699951171875,2292.300048828125,2321.699951171875,56
2024-05-03 00:00:00+00:00,2299.0,2299.0,2301.0,2277.60009765625,2300.0,194
2024-05-06 00:00:00+00:00,2321.60009765625,2321.60009765625,2325.5,2314.199951171875,2322.800048828125,9
2024-05-07 00:00:00+00:00,2315.199951171875,2315.199951171875,2324.300048828125,2315.199951171875,2324.300048828125,25
2024-05-08 00:00:00+00:00,2313.60009765625,2313.60009765625,2313.60009765625,2313.60009765625,2313.60009765625,4
2024-05-09 00:00:00+00:00,2332.10009765625,2332.10009765625,2339.5,2310.699951171875,2310.699951171875,5
2024-05-10 00:00:00+00:00,2367.300048828125,2367.300048828125,2367.300048828125,2367.300048828125,2367.300048828125,126
2024-05-13 00:00:00+00:00,2336.10009765625,2336.10009765625,2358.300048828125,2336.10009765625,2358.300048828125,14
2024-05-14 00:00:00+00:00,2353.39990234375,2353.39990234375,2358.0,2336.0,2336.0,6
2024-05-15 00:00:00+00:00,2388.699951171875,2388.699951171875,2388.699951171875,2356.0,2361.60009765625,29
2024-05-16 00:00:00+00:00,2380.0,2380.0,2392.199951171875,2380.0,2389.5,7
2024-05-17 00:00:00+00:00,2412.199951171875,2412.199951171875,2415.800048828125,2380.699951171875,2380.699951171875,213
2024-05-20 00:00:00+00:00,2433.89990234375,2433.89990234375,2435.800048828125,2409.699951171875,2415.800048828125,40
2024-05-21 00:00:00+00:00,2421.699951171875,2421.699951171875,2429.5,2421.0,2429.5,6
2024-05-22 00:00:00+00:00,2389.199951171875,2389.199951171875,2417.60009765625,2375.800048828125,2417.5,180
2024-05-23 00:00:00+00:00,2335.0,2335.0,2371.199951171875,2335.0,2371.199951171875,365
2024-05-24 00:00:00+00:00,2332.5,2332.5,2345.39990234375,2332.5,2342.60009765625,25
2024-05-28 00:00:00+00:00,2355.199951171875,2355.199951171875,2359.699951171875,2336.89990234375,2336.89990234375,26
2024-05-29 00:00:00+00:00,2340.300048828125,2340.300048828125,2340.300048828125,2340.300048828125,2340.300048828125,119317
2024-05-30 00:00:00+00:00,2342.89990234375,2342.89990234375,2349.5,2320.800048828125,2336.89990234375,32587
2024-05-31 00:00:00+00:00,2322.89990234375,2322.89990234375,2354.0,2319.0,2344.10009765625,941
2024-06-03 00:00:00+00:00,2346.60009765625,2346.60009765625,2347.5,2312.0,2322.60009765625,781
2024-06-04 00:00:00+00:00,2325.5,2325.5,2347.699951171875,2313.89990234375,2347.5,890
2024-06-05 00:00:00+00:00,2354.10009765625,2354.10009765625,2354.300048828125,2326.199951171875,2326.39990234375,295
2024-06-06 00:00:00+00:00,2370.300048828125,2370.300048828125,2375.800048828125,2355.0,2355.0,179
2024-06-07 00:00:00+00:00,2305.199951171875,2305.199951171875,2385.10009765625,2285.39990234375,2379.89990234375,269
2024-06-10 00:00:00+00:00,2307.699951171875,2307.699951171875,2309.300048828125,2290.5,2290.60009765625,69
2024-06-11 00:00:00+00:00,2307.5,2307.5,2314.10009765625,2300.0,2300.0,871
2024-06-12 00:00:00+00:00,2336.0,2336.0,2338.699951171875,2310.300048828125,2314.89990234375,132
2024-06-13 00:00:00+00:00,2300.199951171875,2300.199951171875,2317.699951171875,2296.199951171875,2309.39990234375,298
2024-06-14 00:00:00+00:00,2331.39990234375,2331.39990234375,2331.39990234375,2305.800048828125,2307.0,948
2024-06-17 00:00:00+00:00,2312.39990234375,2312.39990234375,2320.199951171875,2309.60009765625,2320.199951171875,110
2024-06-18 00:00:00+00:00,2330.39990234375,2330.39990234375,2330.39990234375,2311.800048828125,2311.800048828125,43
2024-06-20 00:00:00+00:00,2353.800048828125,2353.800048828125,2354.0,2328.300048828125,2328.89990234375,183
2024-06-21 00:00:00+00:00,2316.39990234375,2316.39990234375,2331.199951171875,2316.39990234375,2331.199951171875,76
2024-06-24 00:00:00+00:00,2330.0,2330.0,2332.89990234375,2322.699951171875,2323.300048828125,99
2024-06-25 00:00:00+00:00,2316.60009765625,2316.60009765625,2333.0,2316.60009765625,2324.39990234375,105
2024-06-26 00:00:00+00:00,2299.199951171875,2299.199951171875,2314.39990234375,2298.0,2307.89990234375,986
2024-06-27 00:00:00+00:00,2324.5,2324.5,2329.0,2295.0,2296.800048828125,1532
2024-06-28 00:00:00+00:00,2327.699951171875,2327.699951171875,2338.300048828125,2319.0,2325.39990234375,92
2024-07-01 00:00:00+00:00,2327.60009765625,2327.60009765625,2329.699951171875,2321.699951171875,2323.800048828125,237
2024-07-02 00:00:00+00:00,2323.0,2323.0,2334.60009765625,2323.0,2330.699951171875,30
2024-07-03 00:00:00+00:00,2359.800048828125,2359.800048828125,2361.60009765625,2330.89990234375,2330.89990234375,59
2024-07-05 00:00:00+00:00,2388.5,2388.5,2388.5,2354.89990234375,2354.89990234375,72
2024-07-08 00:00:00+00:00,2355.199951171875,2355.199951171875,2383.800048828125,2352.800048828125,2381.699951171875,64
2024-07-09 00:00:00+00:00,2360.10009765625,2360.10009765625,2363.699951171875,2360.10009765625,2363.10009765625,9
2024-07-10 00:00:00+00:00,2372.199951171875,2372.199951171875,2377.0,2365.800048828125,2366.300048828125,19
2024-07-11 00:00:00+00:00,2415.0,2415.0,2416.699951171875,2378.699951171875,2378.699951171875,72
2024-07-12 00:00:00+00:00,2414.0,2414.0,2414.0,2391.300048828125,2399.800048828125,355
2024-07-15 00:00:00+00:00,2422.89990234375,2422.89990234375,2436.0,2422.89990234375,2430.0,540
2024-07-16 00:00:00+00:00,2462.39990234375,2462.39990234375,2462.39990234375,2427.39990234375,2427.39990234375,93
2024-07-17 00:00:00+00:00,2454.800048828125,2454.800048828125,2473.10009765625,2454.800048828125,2472.89990234375,10
2024-07-18 00:00:00+00:00,2451.800048828125,2451.800048828125,2466.0,2451.800048828125,2466.0,2
2024-07-19 00:00:00+00:00,2395.5,2395.5,2419.199951171875,2395.5,2418.800048828125,15
2024-07-22 00:00:00+00:00,2392.0,2392.0,2402.10009765625,2392.0,2402.10009765625,18
2024-07-23 00:00:00+00:00,2404.60009765625,2404.60009765625,2404.60009765625,2388.699951171875,2395.800048828125,41
2024-07-24 00:00:00+00:00,2413.300048828125,2413.300048828125,2421.0,2411.60009765625,2421.0,6
2024-07-25 00:00:00+00:00,2351.89990234375,2351.89990234375,2365.5,2351.89990234375,2365.5,31
2024-07-26 00:00:00+00:00,2380.0,2380.0,2386.89990234375,2368.699951171875,2368.699951171875,95
2024-07-29 00:00:00+00:00,2377.300048828125,2377.300048828125,2377.300048828125,2377.300048828125,2377.300048828125,126409
2024-07-30 00:00:00+00:00,2405.0,2405.0,2409.300048828125,2373.800048828125,2380.89990234375,25944
2024-07-31 00:00:00+00:00,2426.5,2426.5,2447.60009765625,2402.800048828125,2407.10009765625,1313
2024-08-01 00:00:00+00:00,2435.0,2435.0,2455.10009765625,2430.39990234375,2446.699951171875,690
2024-08-02 00:00:00+00:00,2425.699951171875,2425.699951171875,2477.0,2416.0,2444.0,550
2024-08-05 00:00:00+00:00,2401.699951171875,2401.699951171875,2449.800048828125,2367.39990234375,2442.0,334
2024-08-06 00:00:00+00:00,2389.10009765625,2389.10009765625,2421.800048828125,2380.0,2414.5,163
2024-08-07 00:00:00+00:00,2390.5,2390.5,2401.0,2384.5,2392.199951171875,130
2024-08-08 00:00:00+00:00,2422.199951171875,2422.199951171875,2422.800048828125,2384.300048828125,2384.300048828125,201
2024-08-09 00:00:00+00:00,2432.10009765625,2432.10009765625,2432.10009765625,2418.5,2422.300048828125,611
2024-08-12 00:00:00+00:00,2462.39990234375,2462.39990234375,2469.800048828125,2432.0,2432.699951171875,566
2024-08-13 00:00:00+00:00,2466.699951171875,2466.699951171875,2470.0,2456.5,2461.0,510
2024-08-14 00:00:00+00:00,2439.39990234375,2439.39990234375,2472.10009765625,2439.39990234375,2468.0,274
2024-08-15 00:00:00+00:00,2453.10009765625,2453.10009765625,2467.699951171875,2431.199951171875,2451.800048828125,285
2024-08-16 00:00:00+00:00,2498.60009765625,2498.60009765625,2508.0,2451.39990234375,2453.5,197
2024-08-19 00:00:00+00:00,2501.800048828125,2501.800048828125,2508.5,2487.199951171875,2508.5,88
2024-08-20 00:00:00+00:00,2511.300048828125,2511.300048828125,2527.300048828125,2500.699951171875,2503.5,187
2024-08-21 00:00:00+00:00,2508.39990234375,2508.39990234375,2515.39990234375,2503.89990234375,2511.0,96
2024-08-22 00:00:00+00:00,2478.89990234375,2478.89990234375,2504.10009765625,2471.10009765625,2504.10009765625,210
2024-08-23 00:00:00+00:00,2508.39990234375,2508.39990234375,2508.39990234375,2486.5,2486.5,94
2024-08-26 00:00:00+00:00,2517.699951171875,2517.699951171875,2523.10009765625,2509.10009765625,2509.89990234375,290
2024-08-27 00:00:00+00:00,2516.0,2516.0,2523.10009765625,2506.89990234375,2515.199951171875,100
2024-08-28 00:00:00+00:00,2501.0,2501.0,2501.0,2501.0,2501.0,2353
2024-08-29 00:00:00+00:00,2525.699951171875,2525.699951171875,2525.699951171875,2503.89990234375,2504.10009765625,3966
2024-08-30 00:00:00+00:00,2493.800048828125,2493.800048828125,2525.39990234375,2493.800048828125,2519.5,208
2024-09-03 00:00:00+00:00,2489.89990234375,2489.89990234375,2501.800048828125,2476.300048828125,2501.60009765625,206
2024-09-04 00:00:00+00:00,2493.39990234375,2493.39990234375,2493.39990234375,2483.5,2490.89990234375,470
2024-09-05 00:00:00+00:00,2511.39990234375,2511.39990234375,2513.300048828125,2493.39990234375,2493.699951171875,54
2024-09-06 00:00:00+00:00,2493.5,2493.5,2517.89990234375,2483.699951171875,2510.300048828125,96
2024-09-09 00:00:00+00:00,2501.800048828125,2501.800048828125,2504.699951171875,2491.300048828125,2491.300048828125,96
2024-09-10 00:00:00+00:00,2512.300048828125,2512.300048828125,2512.300048828125,2512.300048828125,2512.300048828125,5
2024-09-11 00:00:00+00:00,2512.10009765625,2512.10009765625,2525.800048828125,2502.300048828125,2525.800048828125,90
2024-09-12 00:00:00+00:00,2551.199951171875,2551.199951171875,2557.0,2523.39990234375,2529.10009765625,132
2024-09-13 00:00:00+00:00,2581.300048828125,2581.300048828125,2581.800048828125,2565.0,2568.800048828125,31
2024-09-16 00:00:00+00:00,2580.39990234375,2580.39990234375,2580.39990234375,2580.39990234375,2580.39990234375,28
2024-09-17 00:00:00+00:00,2564.300048828125,2564.300048828125,2581.800048828125,2564.300048828125,2581.199951171875,22
2024-09-18 00:00:00+00:00,2570.699951171875,2570.699951171875,2570.699951171875,2549.199951171875,2570.699951171875,25
2024-09-19 00:00:00+00:00,2588.0,2588.0,2588.0,2566.0,2566.0,99
2024-09-20 00:00:00+00:00,2619.89990234375,2619.89990234375,2621.800048828125,2590.39990234375,2590.39990234375,17
2024-09-23 00:00:00+00:00,2626.5,2626.5,2626.5,2626.5,2626.5,9
2024-09-24 00:00:00+00:00,2651.199951171875,2651.199951171875,2662.300048828125,2625.5,2636.800048828125,35
2024-09-25 00:00:00+00:00,2659.199951171875,2659.199951171875,2664.199951171875,2649.300048828125,2656.300048828125,175
2024-09-26 00:00:00+00:00,2669.89990234375,2669.89990234375,2669.89990234375,2660.800048828125,2662.300048828125,17216
2024-09-27 00:00:00+00:00,2644.300048828125,2644.300048828125,2672.10009765625,2641.699951171875,2670.0,4228
2024-09-30 00:00:00+00:00,2636.10009765625,2636.10009765625,2662.10009765625,2623.199951171875,2660.89990234375,973
2024-10-01 00:00:00+00:00,2667.300048828125,2667.300048828125,2670.89990234375,2631.39990234375,2631.39990234375,153
2024-10-02 00:00:00+00:00,2647.10009765625,2647.10009765625,2657.199951171875,2640.0,2650.60009765625,72
2024-10-03 00:00:00+00:00,2657.10009765625,2657.10009765625,2657.10009765625,2640.0,2642.800048828125,354
2024-10-04 00:00:00+00:00,2645.800048828125,2645.800048828125,2667.0,2639.0,2656.0,114
2024-10-07 00:00:00+00:00,2644.800048828125,2644.800048828125,2657.39990234375,2639.0,2648.699951171875,284
2024-10-08 00:00:00+00:00,2615.0,2615.0,2639.0,2609.300048828125,2639.0,687
2024-10-09 00:00:00+00:00,2606.0,2606.0,2607.699951171875,2603.0,2603.0,152
2024-10-10 00:00:00+00:00,2620.60009765625,2620.60009765625,2628.300048828125,2602.5,2602.5,320
2024-10-11 00:00:00+00:00,2657.60009765625,2657.60009765625,2658.10009765625,2638.199951171875,2638.300048828125,12
2024-10-14 00:00:00+00:00,2647.800048828125,2647.800048828125,2655.300048828125,2647.800048828125,2655.0,40
2024-10-15 00:00:00+00:00,2661.39990234375,2661.39990234375,2661.39990234375,2661.39990234375,2661.39990234375,39
2024-10-16 00:00:00+00:00,2674.0,2674.0,2674.0,2674.0,2674.0,6
2024-10-17 00:00:00+00:00,2691.0,2691.0,2691.699951171875,2677.199951171875,2677.39990234375,30
2024-10-18 00:00:00+00:00,2713.699951171875,2713.699951171875,2719.60009765625,2713.699951171875,2713.699951171875,29
2024-10-21 00:00:00+00:00,2723.10009765625,2723.10009765625,2738.39990234375,2719.5,2721.89990234375,52
2024-10-22 00:00:00+00:00,2744.199951171875,2744.199951171875,2746.0,2728.60009765625,2731.699951171875,93
2024-10-23 00:00:00+00:00,2714.39990234375,2714.39990234375,2742.5,2714.199951171875,2742.5,18
2024-10-24 00:00:00+00:00,2734.89990234375,2734.89990234375,2736.10009765625,2729.0,2729.0,27
2024-10-25 00:00:00+00:00,2740.89990234375,2740.89990234375,2742.39990234375,2725.5,2725.5,29
2024-10-28 00:00:00+00:00,2742.89990234375,2742.89990234375,2742.89990234375,2729.5,2736.10009765625,56
2024-10-29 00:00:00+00:00,2768.39990234375,2768.39990234375,2768.39990234375,2768.39990234375,2768.39990234375,848
2024-10-30 00:00:00+00:00,2788.5,2788.5,2789.0,2774.60009765625,2774.60009765625,231
2024-10-31 00:00:00+00:00,2738.300048828125,2738.300048828125,2787.5,2733.5,2787.39990234375,849
2024-11-01 00:00:00+00:00,2738.60009765625,2738.60009765625,2756.0,2734.199951171875,2745.5,109
2024-11-04 00:00:00+00:00,2736.10009765625,2736.10009765625,2737.10009765625,2736.10009765625,2736.5,16
2024-11-05 00:00:00+00:00,2740.300048828125,2740.300048828125,2743.89990234375,2740.300048828125,2743.0,23
2024-11-06 00:00:00+00:00,2667.60009765625,2667.60009765625,2734.5,2659.39990234375,2734.5,427
2024-11-07 00:00:00+00:00,2698.39990234375,2698.39990234375,2699.10009765625,2662.5,2662.5,676
2024-11-08 00:00:00+00:00,2687.5,2687.5,2694.60009765625,2682.89990234375,2688.5,1038
2024-11-11 00:00:00+00:00,2611.199951171875,2611.199951171875,2671.699951171875,2611.199951171875,2671.699951171875,20
2024-11-12 00:00:00+00:00,2600.0,2600.0,2605.5,2592.800048828125,2605.5,118
2024-11-13 00:00:00+00:00,2580.800048828125,2580.800048828125,2611.800048828125,2580.800048828125,2611.10009765625,53
2024-11-14 00:00:00+00:00,2568.199951171875,2568.199951171875,2576.199951171875,2554.199951171875,2555.10009765625,27
2024-11-15 00:00:00+00:00,2565.699951171875,2565.699951171875,2565.699951171875,2565.699951171875,2565.699951171875,20
2024-11-18 00:00:00+00:00,2610.60009765625,2610.60009765625,2610.699951171875,2589.39990234375,2591.699951171875,136
2024-11-19 00:00:00+00:00,2627.10009765625,2627.10009765625,2627.699951171875,2619.300048828125,2621.89990234375,87
2024-11-20 00:00:00+00:00,2648.199951171875,2648.199951171875,2648.199951171875,2638.5,2638.5,27
2024-11-21 00:00:00+00:00,2672.10009765625,2672.10009765625,2672.10009765625,2655.699951171875,2659.300048828125,33
2024-11-22 00:00:00+00:00,2709.89990234375,2709.89990234375,2710.5,2685.60009765625,2687.5,41
2024-11-25 00:00:00+00:00,2616.800048828125,2616.800048828125,2689.39990234375,2616.800048828125,2689.39990234375,94
2024-11-26 00:00:00+00:00,2620.300048828125,2620.300048828125,2625.60009765625,2620.300048828125,2625.60009765625,177858
2024-11-27 00:00:00+00:00,2639.89990234375,2639.89990234375,2657.89990234375,2627.199951171875,2633.5,61653
2024-11-29 00:00:00+00:00,2657.0,2657.0,2664.300048828125,2620.699951171875,2636.39990234375,3861
2024-12-02 00:00:00+00:00,2634.89990234375,2634.89990234375,2649.800048828125,2621.699951171875,2649.0,695
2024-12-03 00:00:00+00:00,2644.699951171875,2644.699951171875,2654.699951171875,2636.0,2639.0,1062
2024-12-04 00:00:00+00:00,2653.800048828125,2653.800048828125,2658.300048828125,2637.0,2639.199951171875,249
2024-12-05 00:00:00+00:00,2626.60009765625,2626.60009765625,2655.0,2625.699951171875,2652.39990234375,573
2024-12-06 00:00:00+00:00,2638.60009765625,2638.60009765625,2643.10009765625,2617.5,2620.199951171875,571
2024-12-09 00:00:00+00:00,2664.89990234375,2664.89990234375,2677.10009765625,2630.800048828125,2632.10009765625,935
2024-12-10 00:00:00+00:00,2697.60009765625,2697.60009765625,2698.199951171875,2661.0,2662.300048828125,437
2024-12-11 00:00:00+00:00,2733.800048828125,2733.800048828125,2733.800048828125,2693.10009765625,2701.800048828125,3387
2024-12-12 00:00:00+00:00,2687.5,2687.5,2725.10009765625,2677.39990234375,2725.10009765625,2365
2024-12-13 00:00:00+00:00,2656.0,2656.0,2689.300048828125,2647.89990234375,2688.199951171875,1125
2024-12-16 00:00:00+00:00,2651.39990234375,2651.39990234375,2663.300048828125,2651.0,2658.300048828125,877
2024-12-17 00:00:00+00:00,2644.39990234375,2644.39990234375,2652.300048828125,2632.5,2651.800048828125,705
2024-12-18 00:00:00+00:00,2636.5,2636.5,2647.10009765625,2590.199951171875,2644.300048828125,566
2024-12-19 00:00:00+00:00,2592.199951171875,2592.199951171875,2610.300048828125,2582.10009765625,2582.10009765625,238
2024-12-20 00:00:00+00:00,2628.699951171875,2628.699951171875,2631.60009765625,2604.89990234375,2605.300048828125,592
2024-12-23 00:00:00+00:00,2612.300048828125,2612.300048828125,2627.699951171875,2611.10009765625,2620.0,451
2024-12-24 00:00:00+00:00,2620.0,2620.0,2620.0,2609.5,2613.0,35
2024-12-26 00:00:00+00:00,2638.800048828125,2638.800048828125,2638.800048828125,2627.89990234375,2628.5,84
2024-12-27 00:00:00+00:00,2617.199951171875,2617.199951171875,2617.699951171875,2616.39990234375,2617.699951171875,642
2024-12-30 00:00:00+00:00,2606.10009765625,2606.10009765625,2626.89990234375,2597.0,2620.699951171875,794
2024-12-31 00:00:00+00:00,2629.199951171875,2629.199951171875,2629.199951171875,2604.89990234375,2608.39990234375,401
2025-01-02 00:00:00+00:00,2658.89990234375,2658.89990234375,2663.10009765625,2633.0,2633.0,1728
2025-01-03 00:00:00+00:00,2645.0,2645.0,2658.699951171875,2641.800048828125,2658.699951171875,591
2025-01-06 00:00:00+00:00,2638.39990234375,2638.39990234375,2647.0,2617.300048828125,2645.5,960
2025-01-07 00:00:00+00:00,2656.699951171875,2656.699951171875,2657.5,2653.0,2653.39990234375,643
2025-01-08 00:00:00+00:00,2664.5,2664.5,2676.89990234375,2653.5,2655.5,999
2025-01-09 00:00:00+00:00,2683.800048828125,2683.800048828125,2686.300048828125,2667.89990234375,2669.699951171875,1139
2025-01-10 00:00:00+00:00,2708.5,2708.5,2720.10009765625,2683.699951171875,2686.10009765625,403
2025-01-13 00:00:00+00:00,2673.5,2673.5,2711.199951171875,2673.5,2711.10009765625,765
2025-01-14 00:00:00+00:00,2677.5,2677.5,2688.300048828125,2670.800048828125,2673.60009765625,794
2025-01-15 00:00:00+00:00,2712.5,2712.5,2712.5,2690.800048828125,2690.800048828125,930
2025-01-16 00:00:00+00:00,2746.39990234375,2746.39990234375,2749.800048828125,2731.699951171875,2731.699951171875,1721
2025-01-17 00:00:00+00:00,2744.300048828125,2744.300048828125,2751.60009765625,2725.5,2736.0,1214
2025-01-20 00:00:00+00:00,2730.300048828125,2730.300048828125,2746.89990234375,2724.800048828125,2746.0,1214
2025-01-21 00:00:00+00:00,2755.0,2755.0,2755.0,2724.800048828125,2746.0,1439
2025-01-22 00:00:00+00:00,2767.60009765625,2767.60009765625,2768.800048828125,2753.5,2754.5,2079
2025-01-23 00:00:00+00:00,2763.10009765625,2763.10009765625,2765.0,2745.39990234375,2760.0,2201
2025-01-24 00:00:00+00:00,2777.300048828125,2777.300048828125,2792.0,2759.800048828125,2759.800048828125,1593
2025-01-27 00:00:00+00:00,2737.5,2737.5,2762.199951171875,2737.5,2761.10009765625,984
2025-01-28 00:00:00+00:00,2766.800048828125,2766.800048828125,2766.800048828125,2738.0,2738.0,2307
2025-01-29 00:00:00+00:00,2769.10009765625,2769.10009765625,2769.10009765625,2769.10009765625,2769.10009765625,125692
2025-01-30 00:00:00+00:00,2823.0,2823.0,2829.5,2770.0,2772.5,40141
2025-01-31 00:00:00+00:00,2812.5,2812.5,2838.0,2804.0,2829.0,3443
2025-02-03 00:00:00+00:00,2833.89990234375,2833.89990234375,2848.39990234375,2780.89990234375,2818.199951171875,2649
2025-02-04 00:00:00+00:00,2853.300048828125,2853.300048828125,2853.300048828125,2816.10009765625,2827.60009765625,2187
2025-02-05 00:00:00+00:00,2871.60009765625,2871.60009765625,2880.5,2848.0,2850.0,4519
2025-02-06 00:00:00+00:00,2856.0,2856.0,2871.699951171875,2836.300048828125,2865.199951171875,3116
2025-02-07 00:00:00+00:00,2866.39990234375,2866.39990234375,2910.60009765625,2876.10009765625,2880.199951171875,182555
