time,open,high,low,close,Basis,Upper,Lower,ATVV,Plot,Histogram,MACD,Signal,Bollinger BandWidth,Highest Expansion,Lowest Contraction
1736946000,2684.7,2694.09,2682.09,2693.69,2678.806999999997,2691.7683365086887,2665.8456634913055,5019.2,5396.940000000006,1.4151000142321077,4.608396002562131,3.193295988330023,0.9676946871268901,1.7195987668499126,0.28850533993355465
1736949600,2693.66,2695.97,2678.01,2681.97,2679.4569999999976,2691.6616648490576,2667.2523351509376,5284.9,5343.475000000007,0.7610867806329664,4.144654464121231,3.383567683488265,0.9109804597767399,1.7195987668499126,0.28850533993355465
1736953200,2681.95,2683,2676.65,2678.37,2679.7604999999976,2691.532380864074,2667.988619135921,5538.75,5326.315000000007,0.05067559903003582,3.4469121822758098,3.396236583245774,0.8785770865774463,1.7195987668499126,0.28850533993355465
1736956800,2678.39,2689.83,2676.86,2689.26,2680.512999999997,2692.6866865444663,2668.339313455528,5735.6,5340.935000000007,0.26675865304389923,3.729684899550648,3.4629262465067487,0.9083102036415497,1.7195987668499126,0.28850533993355465
1736960400,2689.3,2692.89,2688.49,2692.62,2681.3234999999972,2694.4200633308915,2668.226936669103,5767.9,5366.740000000006,0.5710679085369561,4.176761132177944,3.605693223640988,0.9768730502600119,1.7195987668499126,0.28850533993355465
1736964000,2692.63,2694.84,2691.06,2693.96,2682.1554999999976,2696.2083181897965,2668.1026818101986,6000.35,5414.585000000006,0.7845099836817857,4.58633070324322,3.8018207195614346,1.0478749788965582,1.7195987668499126,0.28850533993355465
1736967600,2693.98,2695.05,2692.58,2694.01,2683.0819999999976,2697.684789599195,2668.4792104008,6148.85,5479.3400000000065,0.8456964410306558,4.858941270849755,4.013244829819099,1.0885086329226938,1.7195987668499126,0.28850533993355465
1736971200,2693.99,2696.46,2693.22,2696.39,2684.2699999999977,2699.1417114037436,2669.398288596252,6320.1,5580.470000000007,0.9550121750657024,5.207010048651227,4.251997873585525,1.1080637494548506,1.7195987668499126,0.28850533993355465
1736974800,2696.36,2697.38,2693.89,2696.7,2685.614499999997,2699.862999538243,2671.366000461751,6207.5,5692.655000000007,0.954484665866322,5.445103705918427,4.490619040052105,1.0610979005546826,1.7195987668499126,0.28850533993355465
1736982000,2697.57,2697.66,2694.57,2694.69,2686.6839999999975,2700.2703157657556,2673.0976842342393,6061.2,5808.435000000007,0.7349047490460441,5.409249976359661,4.674345227313617,1.0113817453603167,1.7195987668499126,0.36392436192495925
1736985600,2694.88,2698.19,2692.79,2695.16,2687.6429999999973,2700.771695444854,2674.514304555141,6137.9,5920.305000000008,0.546130578646574,5.357008450621834,4.81087787197526,0.9769672121525432,1.7195987668499126,0.36392436192495925
1736989200,2695.17,2702.13,2694.37,2696.12,2688.675499999997,2701.038102439882,2676.312897560112,6415.45,6033.360000000007,0.41658662045479566,5.331611147543754,4.915024527088958,0.9196053923119402,1.7195987668499126,0.36392436192495925
1736992800,2696.39,2698.12,2695.25,2697.42,2689.588499999997,2701.6998158281135,2677.4771841718807,6436.25,6123.110000000008,0.3517064406678072,5.354657577923717,5.00295113725591,0.9006073477869507,1.7195987668499126,0.36392436192495925
1736996400,2697.41,2698.38,2695.65,2697.2,2690.4024999999974,2702.259649534468,2678.545350465527,6455.15,6195.065000000008,0.23295293154876262,5.294142301691863,5.061189370143101,0.8814405676823761,1.7195987668499126,0.36392436192495925
1737000000,2697.14,2697.96,2696.66,2697.26,2691.2024999999976,2702.635784527101,2679.7692154728943,6391.75,6257.450000000007,0.10399591749983017,5.1911842670178885,5.087188349518058,0.849678500752233,1.7195987668499126,0.36392436192495925
1737003600,2697.27,2697.34,2693.68,2694.7,2691.7419999999975,2702.7586303414273,2680.7253696585676,6340.75,6291.490000000007,-0.19203562293056375,4.847143820854853,5.039179443785417,0.8185502430344258,1.7195987668499126,0.36392436192495925
1737007200,2694.68,2695.53,2689.88,2693.85,2692.1439999999975,2702.847772048985,2681.44022795101,6328.3,6309.435000000007,-0.4677018840497933,4.454552088723176,4.922253972772969,0.7951856995010306,1.7195987668499126,0.36392436192495925
1737010800,2693.81,2699.92,2693.37,2698.17,2692.6384999999973,2703.4952514052966,2681.781748594698,6331.55,6310.580000000007,-0.38514939257583336,4.440817232053178,4.825966624629011,0.8064024491441613,1.7195987668499126,0.36392436192495925
1737014400,2698.29,2703.24,2697.07,2698.88,2693.2454999999977,2704.0726907283592,2682.418309271636,6371.9,6327.020000000007,-0.3119037978496575,4.436086877316939,4.747990675166596,0.8040255318990814,1.7195987668499126,0.36392436192495925
1737018000,2698.87,2706.06,2697.46,2705.26,2694.2839999999974,2705.5290885311833,2683.0389114688114,6435,6364.400000000007,0.11422580488419509,4.89077293127184,4.776547126387645,0.8347366893160459,1.7195987668499126,0.36392436192495925
1737021600,2705.29,2708.47,2704.71,2707.72,2694.9854999999975,2707.6550800671607,2682.3159199328343,6168.5,6367.460000000007,0.48877226353706327,5.387512455808974,4.8987401922719105,0.9402336351838061,1.7195987668499126,0.36392436192495925
1737025200,2707.76,2711.08,2706.1,2706.23,2696.1984999999977,2708.283196565142,2684.1138034348533,5848.55,6310.770000000007,0.558159279603494,5.596439291776278,5.038280012172784,0.8964248415051378,1.7195987668499126,0.36392436192495925
1737028800,2706.32,2707.27,2700.24,2703.63,2697.4614999999976,2706.796036467851,2688.126963532144,5729.05,6240.0500000000075,0.36053112219860317,5.4889439149210375,5.128412792722434,0.6920978459083458,1.7195987668499126,0.36392436192495925
1737032400,2703.62,2718.16,2701.24,2715.28,2698.7624999999975,2710.1822213220685,2687.3427786779266,5763.25,6170.860000000008,0.9144830076282187,6.271516552257708,5.357033544629489,0.8462931674847962,1.7195987668499126,0.36392436192495925
1737036000,2715.32,2719.23,2712.9,2718.39,2700.050999999997,2713.9531867374467,2686.1488132625477,5970.5,6128.735000000008,1.3633844894268226,7.061264156413017,5.697879666986195,1.0297721589295534,1.7195987668499126,0.36392436192495925
1737039600,2718.53,2719.54,2712.54,2716.82,2701.1939999999972,2716.584413122483,2685.8035868775114,6191.1,6113.770000000009,1.4211361602416117,7.4742998672882095,6.053163707046598,1.1395266776459478,1.7195987668499126,0.36392436192495925
1737043200,2717,2722.35,2716.63,2720.31,2702.5089999999973,2719.6177765803454,2685.400223419649,6446.35,6125.575000000008,1.55037359148998,7.991130696409073,6.440757104919093,1.2661402112147022,1.7195987668499126,0.36392436192495925
1737046800,2720.3,2724.65,2719.36,2721.65,2703.7719999999977,2722.5367729556324,2685.007227044363,6562.1,6148.630000000008,1.5769004805366942,8.41188270558996,6.834982225053266,1.3880440329757644,1.7195987668499126,0.36392436192495925
1737050400,2721.7,2723.16,2714.68,2715.06,2704.689999999998,2723.774731071568,2685.6052689284274,6787.75,6190.215000000008,1.0279916589651528,8.119971798759707,7.091980139794554,1.4112324200977078,1.7195987668499126,0.36392436192495925
1737054000,2715.12,2717.08,2714.61,2715.12,2705.7114999999976,2724.732806240061,2686.690193759934,6970.55,6243.770000000009,0.5692300529305978,7.803517705957802,7.234287653027204,1.4060114125296441,1.7195987668499126,0.36392436192495925
1737057600,2715.09,2716.91,2714.23,2715.77,2706.7419999999975,2725.597509117524,2687.8864908824708,6958.45,6322.7650000000085,0.22737504782761953,7.518506462811729,7.291131414984109,1.3932254435425855,1.7195987668499126,0.36392436192495925
1737061200,2715.75,2715.83,2712.27,2714.27,2707.6494999999973,2726.1158147131587,2689.183185286836,6684.25,6406.335000000008,-0.16101077134837993,7.089867950798634,7.250878722147014,1.3640107194938953,1.7195987668499126,0.36392436192495925
1737068400,2713.99,2714.91,2712.35,2714.48,2708.502499999998,2726.57172674267,2690.4332732573257,6468.5,6480.280000000008,-0.44870619566952996,6.689995977560102,7.138702173229632,1.3342595580156995,1.7195987668499126,0.36392436192495925
1737072000,2714.47,2716.06,2713.78,2714.66,2709.3754999999974,2726.8535462032296,2691.897453796765,6355.5,6539.505000000009,-0.659101199386555,6.314825673996438,6.973926873382993,1.290190023732941,1.7195987668499126,0.36392436192495925
1737075600,2714.67,2714.76,2709.8,2714.63,2710.243999999998,2726.9362082444945,2693.551791755501,6542.8,6596.73500000001,-0.8219160277164521,5.946531838737428,6.76844786645388,1.2317863811890504,1.7195987668499126,0.36392436192495925
1737079200,2714.68,2717.02,2713.82,2715.75,2711.2964999999976,2726.526037454519,2696.066962545476,6549.8,6632.605000000009,-0.8711098752811814,5.6795605223524035,6.550670397633585,1.1234136476421166,1.7195987668499126,0.36392436192495925
1737082800,2715.74,2717.29,2714.54,2715.32,2712.369999999998,2725.3965436731755,2699.3434563268206,6482.45,6636.215000000008,-0.9434414138323772,5.371368630343113,6.31481004417549,0.9605285173613827,1.7195987668499126,0.36392436192495925
1737086400,2715.31,2716.47,2714.21,2714.64,2713.193499999998,2724.493093402691,2701.893906597305,6302.85,6610.290000000008,-1.0402875922031871,5.014450553921506,6.054738146124693,0.8329367885256301,1.7195987668499126,0.36392436192495925
1737090000,2714.6,2715.41,2711.11,2711.52,2713.825499999998,2723.0811998149948,2704.5698001850014,6187,6550.215000000008,-1.3007663090484147,4.428780259814175,5.72954656886259,0.6821145880600404,1.7195987668499126,0.36392436192495925
1737093600,2711.53,2713.15,2710.46,2712.54,2714.1894999999977,2722.603472847272,2705.7755271527235,6070.5,6460.210000000008,-1.3829821684208596,4.000818858336515,5.383801026757375,0.6199989239715346,1.7195987668499126,0.36392436192495925
1737097200,2712.56,2714.5,2708.69,2710.51,2714.3289999999984,2722.39460326752,2706.263396732477,6064.25,6370.790000000008,-1.540648209585271,3.4579907647757864,4.998638974361057,0.5942981316945378,1.7195987668499126,0.36392436192495925
1737100800,2710.56,2712.9,2709.4,2711.68,2714.6014999999984,2721.8844671881866,2707.31853281181,6091.65,6311.530000000008,-1.5296118754477224,3.086624130051405,4.616236005499127,0.5365772610225257,1.7195987668499126,0.36392436192495925
1737104400,2711.55,2711.98,2704.01,2704.91,2714.6654999999982,2721.5745881500634,2707.756411849933,6000.9,6264.770000000008,-1.916640659490822,2.220435181135599,4.137075840626421,0.5090194832523676,1.7195987668499126,0.36392436192495925
1737108000,2704.86,2706.08,2702.8,2703.9,2714.0964999999983,2722.435812385497,2705.7571876145,5779.2,6207.1400000000085,-2.16092210406308,1.4359232105475712,3.5968453146106514,0.6145184878650035,1.7195987668499126,0.36392436192495925
1737111600,2703.91,2708.56,2703.65,2707.98,2713.575999999998,2722.0763491732705,2705.075650826726,5535.35,6106.395000000009,-1.973169557333339,1.1303833679439776,3.1035529252773166,0.6265053326881063,1.7195987668499126,0.36392436192495925
1737115200,2708.05,2711.6,2706.81,2710.8,2713.274999999998,2721.720712526463,2704.8292874735325,5350.25,5986.440000000008,-1.600381777349051,1.1030757035910028,2.703457480940054,0.6225474768658018,1.7195987668499126,0.36392436192495925
1737118800,2710.79,2712.12,2704.49,2704.97,2712.507999999998,2721.044583864639,2703.971416135357,5405.9,5878.785000000008,-1.6795348475458765,0.6040389215077084,2.283573769053585,0.6294236820419495,1.7195987668499126,0.36392436192495925
1737122400,2704.78,2712.43,2702.62,2711.64,2712.007499999998,2719.4443484638923,2704.5706515361035,5591.4,5807.6400000000085,-1.2362575549800987,0.7382518253284616,1.9745093803085603,0.5484386355048374,1.7195987668499126,0.36392436192495925
1737126000,2711.38,2715.1,2709.96,2714.23,2711.965999999998,2719.343274298448,2704.5887257015484,5657.3,5754.670000000007,-0.7463267476894879,1.0416009456967004,1.7879276933861883,0.5440535979027558,1.7195987668499126,0.36392436192495925
1737129600,2714.25,2717.3,2713.55,2716.01,2712.010499999998,2719.473575711395,2704.547424288601,5764.35,5724.055000000008,-0.3028286817558814,1.4093918411913364,1.7122205229472178,0.5503721841340123,1.7195987668499126,0.36392436192495925
1737133200,2716,2716.32,2710.49,2712.55,2711.849499999998,2719.1175987248757,2704.5814012751202,5843.9,5702.020000000008,-0.24539701059887697,1.4054742596986216,1.6508712702974986,0.5360252274234061,1.7195987668499126,0.36392436192495925
1737136800,2712.57,2713.26,2705.19,2705.39,2711.405499999998,2719.1003020814173,2703.7106979185787,6033.3,5696.185000000008,-0.668520986141037,0.8152200376212022,1.4837410237622393,0.5675877017597933,1.7195987668499126,0.36392436192495925
1737140400,2705.38,2707.15,2702.62,2702.93,2710.827999999998,2719.2156256516796,2702.4403743483167,6248.45,5720.940000000008,-1.0692003586492125,0.14724057545072355,1.216440934099936,0.6188238908319859,1.7195987668499126,0.36392436192495925
1737144000,2702.92,2704.08,2699.84,2700.79,2710.134499999998,2719.388901065321,2700.8800989346746,6441.3,5787.150000000007,-1.411949037685611,-0.5484953630070777,0.8634536746785333,0.6829477330607203,1.7195987668499126,0.36392436192495925
1737147600,2700.68,2702.82,2699.02,2702.48,2709.526999999998,2719.110531920388,2699.9434680796085,6195.2,5853.1350000000075,-1.4527806583507938,-0.9525221482599591,0.5002585100908348,0.7073951963121066,1.7195987668499126,0.36392436192495925
1737327600,2703.01,2703.06,2691.17,2696.41,2708.559999999998,2719.273063057142,2697.8469369428544,6148.2,5932.930000000007,-1.794149945145742,-1.742428921341343,0.051721023804399135,0.7910522976890825,1.7195987668499126,0.36392436192495925
1737331200,2696.39,2696.43,2692.6,2694.51,2707.5194999999976,2719.384580660383,2695.654419339612,6085.7,6000.910000000007,-2.0357863878248583,-2.4930119609766734,-0.45722557315181533,0.8764539395107228,1.7195987668499126,0.36392436192495925
1737334800,2694.47,2695.81,2689.21,2693.77,2706.475999999998,2719.2859186598257,2693.66608134017,6372.35,6079.005000000007,-2.1235767753445782,-3.1116965423325382,-0.98811976698796,0.946612396328501,1.7195987668499126,0.36392436192495925
1737338400,2693.82,2697.89,2693.64,2697.41,2705.770499999998,2718.940662454154,2692.6003375458417,6420.5,6155.325000000008,-1.825975890255305,-3.270589629807091,-1.4446137395517862,0.9734870310808755,1.7195987668499126,0.36392436192495925
1737342000,2697.43,2703.9,2697.39,2703.38,2705.312499999998,2718.1418333833344,2692.483166616662,6389.25,6217.815000000008,-1.1495630268162793,-2.8815675230721354,-1.732004496255856,0.9484548186825916,1.7195987668499126,0.36392436192495925
1737345600,2703.4,2706.51,2702.21,2705.92,2705.082999999998,2717.6945868972975,2692.471413102698,6329.7,6266.395000000009,-0.48745133440051935,-2.341318664256505,-1.8538673298559858,0.9324362244929076,1.7195987668499126,0.36392436192495925
1737349200,2705.88,2707.46,2703.66,2707.16,2704.856999999998,2717.1454711846573,2692.568528815339,6313.5,6294.415000000008,0.049135709303083086,-1.7924476932271318,-1.841583402530215,0.9086226136656473,1.7195987668499126,0.36392436192495925
1737352800,2707.24,2713.65,2706.52,2711.62,2705.1924999999983,2717.8298792796995,2692.555120720297,6303.85,6299.955000000008,0.6842984427838101,-0.9862103490504524,-1.6705087918342625,0.9343053612414824,1.7195987668499126,0.36392436192495925
1737356400,2711.64,2711.87,2702.59,2703.38,2705.1664999999985,2717.8165423341325,2692.5164576658644,6288.05,6284.630000000008,0.5359062437876194,-1.0006259870997383,-1.5365322308873577,0.935250553644962,1.7195987668499126,0.36392436192495925
1737360000,2703.35,2707.94,2702.9,2706.87,2705.110999999998,2717.720856306222,2692.5011436937743,6301.75,6295.285000000009,0.6515357152233245,-0.7221125868582021,-1.3736483020815267,0.9322986233262686,1.7195987668499126,0.36392436192495925
1737363600,2706.86,2708.78,2702.83,2706.02,2704.871999999998,2717.219967608669,2692.524032391327,6253.05,6305.770000000009,0.6481337241194691,-0.5634811469321903,-1.2116148710516594,0.9130167792539426,1.7195987668499126,0.36392436192495925
1737367200,2705.98,2709.8,2705.11,2708.4,2705.0434999999975,2717.487056207119,2692.599943792876,6007.65,6297.965000000009,0.7749572825829953,-0.24291826782291537,-1.0178755504059107,0.9200263291234825,1.7195987668499126,0.36392436192495925
1737370800,2708.21,2712.41,2704.76,2708.37,2704.879999999998,2717.0556116918265,2692.704388308169,5797.6,6240.490000000009,0.8211885379210397,0.008610121995388909,-0.8125784159256508,0.900270007677135,1.7195987668499126,0.36392436192495925
1737374400,2708.45,2709.93,2706.03,2708.07,2704.571999999998,2716.079249196501,2693.0647508034945,5703.75,6168.815000000009,0.7953801561765838,0.1816467792950789,-0.6137333768815049,0.8509478909419598,1.7195987668499126,0.36392436192495925
1737378000,2708.09,2710.42,2701.8,2705.14,2704.0284999999976,2714.281995553645,2693.77500444635,5849.75,6114.86500000001,0.556118355460381,0.08141456744397146,-0.47470378801640956,0.7583866481915825,1.7195987668499126,0.36392436192495925
1737381600,2705.37,2712.02,2704.96,2710.18,2703.9099999999976,2713.815705430414,2694.0042945695814,6071.5,6089.045000000009,0.7029698603705443,0.4040085374467708,-0.2989613229237735,0.732694907035828,1.7195987668499126,0.36392436192495925
1737385200,2710.25,2710.62,2705.16,2707.05,2703.9929999999977,2713.9744469929274,2694.011553007068,6129.5,6070.6450000000095,0.5611389825440598,0.4024624052563013,-0.1586765772877585,0.7382746177915189,1.7195987668499126,0.36392436192495925
1737388800,2706.73,2709.13,2702.93,2707.3,2704.211499999998,2714.281235401927,2694.141764598069,6160.9,6056.3500000000095,0.4602273433608116,0.4166076019132561,-0.043619741447555566,0.7447446623112833,1.7195987668499126,0.36392436192495925
1737392400,2707.27,2710.8,2703.98,2707.3,2704.5369999999975,2714.564073555043,2694.5099264449523,6097.25,6037.2700000000095,0.37324967793186814,0.4229423559672796,0.04969267803541147,0.7415001943064763,1.7195987668499126,0.36392436192495925
1737396000,2707.18,2710.99,2705.26,2710.8,2704.9529999999977,2715.289767583572,2694.6162324164234,6152.9,6022.385000000009,0.5220761820970337,0.7022879056567035,0.18021172355966988,0.7642844503083297,1.7195987668499126,0.36392436192495925
1737399600,2710.79,2711.17,2706.25,2706.87,2705.475999999998,2715.062086587786,2695.88991341221,6022.6,5999.340000000009,0.335543280815974,0.5996408245796374,0.2640975437636634,0.7086432544800279,1.7195987668499126,0.36392436192495925
1737414000,2706.83,2711.22,2706.41,2710.32,2706.266499999998,2714.635235332755,2697.8977646672406,6017.9,6000.36500000001,0.41880155207274294,0.7875994838545921,0.36879793178184916,0.6184708958084728,1.7195987668499126,0.36392436192495925
1737417600,2710.33,2711.53,2702.78,2705.51,2706.853499999998,2712.9804414121513,2700.7265585878445,5864.5,6007.055000000009,0.13870673080972978,0.5421813452940114,0.4034746144842816,0.45269841254086585,1.7195987668499126,0.36392436192495925
1737421200,2705.31,2719.22,2703.2,2717.84,2707.8749999999977,2714.1734331441817,2701.576566855814,6053.95,6042.07500000001,0.7390708809773738,1.327313215705999,0.5882423347286252,0.46519378805771694,1.7195987668499126,0.36392436192495925
1737424800,2717.83,2725.68,2717.7,2724.73,2708.942499999998,2718.3174258706003,2699.5675741293953,6225.9,6079.69000000001,1.5109649931020792,2.476948576106224,0.965983583004145,0.692146538407701,1.7195987668499126,0.36392436192495925
1737428400,2724.63,2726.9,2721.13,2724.15,2709.8539999999975,2721.211482823233,2698.496517176762,6371.9,6109.73000000001,1.8697450538676783,3.303164900338743,1.4334198464710646,0.8382357738265896,1.7195987668499126,0.36392436192495925
1737432000,2724.2,2727.76,2722.98,2727.22,2710.8569999999977,2724.41548236637,2697.2985176336256,6347.85,6131.56500000001,2.1794583326952677,4.157742762340149,1.9782844296448814,1.000309670806843,1.7195987668499126,0.36392436192495925
1737435600,2727.3,2729.04,2725.19,2726.09,2711.5804999999978,2726.6811973045133,2696.4798026954822,6335.95,6149.07000000001,2.169180206899721,4.6897596882695325,2.5205794813698117,1.11379302989644,1.7195987668499126,0.36392436192495925
1737439200,2726.08,2729.32,2723.7,2724.14,2712.6184999999978,2728.169057902349,2697.0679420976467,6395,6178.84500000001,1.9016019794855619,4.897581955726764,2.9959799762412023,1.1465348262095176,1.7195987668499126,0.36392436192495925
1737442800,2724.18,2732.75,2722.46,2729.73,2713.761499999998,2730.7481327173123,2696.7748672826833,6457.6,6209.31500000001,1.9636309755603971,5.450518695691699,3.4868877201313015,1.2518884004592512,1.7195987668499126,0.36392436192495925
1737446400,2729.74,2729.79,2721.47,2723.25,2714.622999999998,2731.699215156464,2697.5467848435314,6587,6265.75500000001,1.4542450168190313,5.304693991155091,3.8504489743360595,1.2580910982089482,1.7195987668499126,0.36392436192495925
1737450000,2723.28,2724.02,2717.9,2721.18,2715.261999999998,2732.315373392757,2698.208626607239,6770.45,6341.010000000009,0.8915314671029257,4.964863308214717,4.073331841111791,1.2561125514045515,1.7195987668499126,0.36392436192495925
1737453600,2721.12,2723.94,2718.9,2719.86,2715.8364999999976,2732.6954955535534,2698.977504446442,6821.3,6436.69000000001,0.3707228579182722,4.536735413509632,4.16601255559136,1.2415324378736223,1.6613852806308809,0.36392436192495925
1737457200,2719.87,2724.54,2716.39,2723.98,2716.631999999998,2733.4514549278124,2699.812545072183,6860.35,6517.33000000001,0.24980424029926507,4.478267855965441,4.228463615666176,1.23825788165748,1.5890158904170386,0.36392436192495925
1737460800,2724.11,2727.13,2721.78,2726.73,2717.7114999999976,2734.2103936318367,2701.2126063681585,6773.1,6572.05000000001,0.29786812215737335,4.600798768362893,4.302930646205519,1.21417550257554,1.5228706890282393,0.36392436192495925
1737464400,2726.78,2729.93,2724.53,2726.27,2718.515999999998,2735.0365779581757,2701.99542204182,6778,6612.660000000011,0.24379377028623583,4.607672859063314,4.363879088777078,1.2154114934896776,1.433041898895436,0.36392436192495925
1737468000,2726.26,2738.43,2725.26,2737.94,2720.0604999999973,2737.739643052833,2702.3813569471617,6917.8,6669.655000000011,0.9020884259302457,5.491489621189885,4.589401195259639,1.2999080757825487,1.4112324200977078,0.36392436192495925
1737471600,2737.93,2740.41,2734.41,2738.75,2721.6329999999975,2740.070854649476,2703.195145350519,7132.45,6749.30500000001,1.2772574099180591,6.1859729576572136,4.908715547739154,1.3549111617531542,1.4112324200977078,0.36392436192495925
1737475200,2738.72,2744.87,2737.69,2743.11,2723.4234999999976,2742.8733393586454,2703.97366064135,7293.25,6839.13000000001,1.6789433084420766,7.00739468329175,5.328451374849673,1.4283374846877666,1.4283374846877666,0.36392436192495925
1737478800,2743.12,2745.56,2739.92,2740.14,2724.8904999999977,2744.7325165071643,2705.048483492831,7433.65,6936.735000000011,1.604582329526071,7.334179286757262,5.729596957231191,1.456353310870041,1.456353310870041,0.36392436192495925
1737482400,2740.11,2745.89,2739.86,2744.49,2726.7714999999976,2746.5561751571613,2706.986824842834,7628.35,7040.870000000012,1.6992306472244794,7.85363526626179,6.154404619037311,1.4511428740665482,1.456353310870041,0.36392436192495925
1737486000,2744.51,2745.38,2741.22,2742.67,2728.3889999999974,2747.815534329935,2708.96246567006,7737.35,7137.56000000001,1.4972212204543416,8.025931144605238,6.528709924150896,1.4240296621880226,1.456353310870041,0.36392436192495925
1737489600,2742.68,2743.19,2739.93,2742.5,2730.238499999997,2747.525546337452,2712.9514536625425,7660.95,7221.5250000000115,1.2217488099042546,8.055895936531215,6.83414712662696,1.2663396503605644,1.456353310870041,0.36392436192495925
1737493200,2742.51,2745.74,2742.08,2744.51,2731.5719999999974,2748.9420795644232,2714.2019204355715,7254.95,7260.985000000011,1.0510098377433446,8.14790942380614,7.096899586062796,1.2718009676791142,1.456353310870041,0.36392436192495925
1737500400,2744.87,2745.01,2741.9,2744.24,2732.5474999999974,2750.4540997630866,2714.6409002369082,7033.4,7287.015000000011,0.8069664372726217,8.105607632653573,7.298641195380951,1.310615809100422,1.456353310870041,0.36392436192495925
1737504000,2744.22,2749.04,2742.53,2748.22,2733.7509999999975,2752.455932934216,2715.046067065779,6856.8,7294.895000000011,0.7991562310771547,8.297586484227395,7.49843025315024,1.3684445243344052,1.456353310870041,0.36392436192495925
1737507600,2748.21,2749.88,2746.74,2747.96,2734.7879999999973,2754.215336000528,2715.3606639994664,6993.5,7302.465000000011,0.6674135050801677,8.33269713450045,7.665283629420282,1.4207562707259873,1.456353310870041,0.36392436192495925
1737511200,2747.8,2749.6,2746.15,2748.96,2735.931499999997,2755.862106892142,2716.000893107852,7013.15,7290.535000000011,0.5437875340633624,8.345018046999485,7.801230512936122,1.456952185545954,1.456952185545954,0.36392436192495925
1737514800,2748.98,2751.07,2747.91,2750.22,2737.2354999999975,2757.3216091074123,2717.1493908925827,6957.5,7256.960000000012,0.4470828563089926,8.360084083322363,7.91300122701337,1.467620093880474,1.467620093880474,0.36392436192495925
1737518400,2750.21,2752.76,2749.15,2751.99,2738.3484999999973,2759.103481355857,2717.5935186441375,6795.4,7193.135000000012,0.4038493589058234,8.417812925645649,8.013963566739825,1.5158758175491451,1.5158758175491451,0.36392436192495925
1737522000,2752.04,2758.48,2750.28,2757.96,2740.083999999997,2761.298397377344,2718.8696026226503,6686,7098.9000000000115,0.6635106664666353,8.84335189982312,8.179841233356484,1.5484486882407134,1.5484486882407134,0.36392436192495925
1737525600,2757.99,2758.12,2745.52,2746.85,2741.3674999999976,2760.8904269084373,2721.844573091558,6703.55,6995.520000000011,0.007890721890339236,8.189704635719409,8.18181391382907,1.4243203006119978,1.5484486882407134,0.36392436192495925
1737529200,2746.83,2753.84,2746.45,2748.62,2742.805499999997,2759.860661655099,2725.750338344895,6639.55,6893.38000000001,-0.36508757330595465,7.7254544471966256,8.09054202050258,1.24362895255256,1.5484486882407134,0.3958669968096581
1737532800,2748.58,2753.72,2746.78,2753.18,2744.265499999997,2759.529781807277,2729.001218192717,6706.45,6838.530000000011,-0.36247602931720024,7.63744698385608,7.99992301317328,1.1124493462662417,1.5484486882407134,0.45269841254086585
1737536400,2753.11,2762.39,2752.86,2758.34,2745.845999999997,2760.0278876065004,2731.6641123934933,6688.15,6804.005000000012,-0.08547219748021995,7.893082766323005,7.978554963803225,1.0329703564222878,1.5484486882407134,0.45269841254086585
1737540000,2758.33,2763.3,2758.29,2759.92,2747.5284999999967,2759.8886881495446,2735.168311850449,6467.55,6765.080000000011,0.12072197788615568,8.12945743616092,8.008735458274764,0.899731387648782,1.5484486882407134,0.45269841254086585
1737543600,2759.96,2760.37,2756.22,2756.45,2748.453999999997,2760.5733570822354,2736.3346429177586,6229.4,6688.670000000011,-0.05082935909126185,7.945198759410687,7.996028118501949,0.8819035779560712,1.5484486882407134,0.45269841254086585
1737547200,2756.32,2758.62,2751.6,2758.24,2749.4284999999973,2761.4034676859674,2737.453532314027,6039.9,6591.345000000011,-0.11435449842737899,7.853084995467725,7.967439493895104,0.8710877686741173,1.5484486882407134,0.45269841254086585
1737550800,2758.23,2761.79,2750.94,2757.69,2750.1574999999966,2762.2793758898347,2738.0356241101586,6123.9,6507.9850000000115,-0.25591351342256186,7.6475476021169015,7.903461115539463,0.8815404855785955,1.5484486882407134,0.45269841254086585
1737554400,2757.71,2758.2,2750.36,2753.77,2750.838999999997,2762.135994116985,2739.5420058830096,6366.15,6465.060000000011,-0.6534441408345568,7.086655939496268,7.740100080330825,0.8213489860357276,1.5484486882407134,0.45269841254086585
1737558000,2753.78,2760.16,2750.4,2759.23,2751.5759999999973,2763.042002619852,2740.1099973801424,6600.5,6456.510000000012,-0.5904745855537428,7.002006848388646,7.592481433942389,0.8334134779380888,1.5484486882407134,0.45269841254086585
1737561600,2759.24,2760.04,2755.86,2758.22,2752.353499999997,2763.3996020765776,2741.3073979234164,6729,6459.055000000012,-0.6537278791507957,6.775321585003894,7.42904946415469,0.8026659421895205,1.5484486882407134,0.45269841254086585
1737565200,2758.18,2758.39,2755.86,2756.46,2753.051499999997,2763.250614230445,2742.8523857695486,6790.55,6474.155000000012,-0.8391526367014333,6.380108668277899,7.219261304979332,0.7409315975707859,1.5484486882407134,0.45269841254086585
1737568800,2756.45,2759.28,2754.77,2757.7,2753.710999999997,2763.3033113004317,2744.1186886995624,7024.35,6505.9450000000115,-0.8980662387578304,6.096678506532044,6.994744745289874,0.6966824986670453,1.5484486882407134,0.45269841254086585
1737572400,2757.74,2757.74,2754.89,2755.19,2754.258499999997,2762.8206802760187,2745.6963197239756,7059.2,6543.050000000012,-1.1118661158069099,5.604912100531237,6.716778216338147,0.621741225525603,1.5484486882407134,0.45269841254086585
1737576000,2755.18,2757.07,2754.83,2756.68,2754.681499999997,2762.8347356202034,2746.5282643797905,7105.3,6606.825000000012,-1.1537331434769538,5.274611786991954,6.428344930468908,0.591954868118619,1.5484486882407134,0.45269841254086585
1737579600,2756.7,2757.21,2754.84,2756.03,2755.0849999999973,2762.644892860914,2747.525107139081,6797.55,6663.640000000011,-1.2195814626363912,4.903868102173419,6.12344956480981,0.5487956168986831,1.5484486882407134,0.45269841254086585
1737586800,2755.59,2756.48,2753.86,2755.44,2755.408999999997,2762.427130526203,2748.3908694737906,6564.5,6716.10000000001,-1.2904001803284872,4.510449339399202,5.800849519727689,0.5094075345044082,1.5484486882407134,0.45269841254086585
1737590400,2755.21,2755.89,2753.13,2755.17,2755.6564999999973,2762.262210489888,2749.050789510107,6413.1,6745.0200000000095,-1.3372590778707814,4.129275672389213,5.466534750259994,0.4794291661453816,1.5484486882407134,0.45269841254086585
1737594000,2755.22,2756.19,2750.53,2752.56,2755.684999999997,2762.2318450479547,2749.1381549520397,6618.2,6770.22500000001,-1.5129294528774597,3.5753729341631697,5.088302387040629,0.47515191670728046,1.5484486882407134,0.45269841254086585
1737597600,2752.55,2754.79,2752,2752.57,2755.4154999999973,2762.0091468727032,2748.8218531272914,6582.4,6768.415000000011,-1.5894768836664657,3.101456282457548,4.6909331661240135,0.4785954693733783,1.5484486882407134,0.45269841254086585
1737601200,2752.56,2753.04,2749.55,2750,2755.5729999999976,2761.452534341519,2749.6934656584763,6380.2,6733.535000000011,-1.7609100638539088,2.4897955863066272,4.250705650160536,0.426737694230661,1.5484486882407134,0.426737694230661
1737604800,2749.97,2753.51,2749.84,2751.58,2755.7209999999973,2761.01262319929,2750.4293768007046,6219.15,6676.3950000000095,-1.7139722078617714,2.1082403903333216,3.822212598195093,0.3840463674873218,1.5484486882407134,0.3840463674873218
1737608400,2751.66,2753.36,2751.32,2751.87,2755.655499999997,2761.101491102003,2750.2095088979913,6080.7,6582.030000000011,-1.611042473876966,1.8084095058488856,3.4194519797258516,0.39525921161087063,1.5484486882407134,0.3840463674873218
1737612000,2751.78,2755.38,2751.08,2753.17,2755.396999999997,2760.799385036421,2749.9946149635734,5969.75,6473.08500000001,-1.4102861301138452,1.6565943170835453,3.0668804471973905,0.392131154706474,1.5484486882407134,0.3840463674873218
1737615600,2753.22,2754.63,2751.65,2752.79,2755.040499999997,2760.1341410444666,2749.946858955527,5934.15,6355.97000000001,-1.2627372896840021,1.4884588350923877,2.75119612477639,0.36976886869501074,1.5484486882407134,0.36976886869501074
1737619200,2752.75,2754.73,2751.95,2752.65,2754.8504999999973,2760.002813953554,2749.6981860464407,5971.35,6273.35000000001,-1.1380783625455746,1.3285981715944217,2.4666765341399963,0.3740539788679343,1.5484486882407134,0.36976886869501074
1737622800,2752.64,2753.65,2740.73,2745.85,2754.230999999997,2760.4692109679245,2747.9927890320696,6045.7,6221.47000000001,-1.456732946784999,0.6457603506587475,2.1024932974437465,0.4529911229615417,1.5484486882407134,0.36976886869501074
1737626400,2745.86,2752.39,2745.2,2751.18,2753.9054999999976,2760.066689744581,2747.7443102554143,5893.45,6169.50500000001,-1.2591150005275291,0.528599546784335,1.787714547311864,0.44745106501172466,1.5484486882407134,0.36976886869501074
1737630000,2751.31,2754.29,2750.75,2751.72,2753.802999999997,2760.0375684757632,2747.568431524231,5691.1,6076.795000000011,-1.0510837252144138,0.4738598907938467,1.5249436160082606,0.45279698480727115,1.5484486882407134,0.36976886869501074
1737633600,2751.75,2753.25,2742.04,2744.67,2753.0749999999975,2759.9700547546367,2746.1799452453583,5660.2,5984.57500000001,-1.3294113561499121,-0.1368205791791297,1.1925907769707824,0.5008984320906049,1.5484486882407134,0.36976886869501074
1737637200,2744.7,2745.82,2735.86,2741.45,2752.2364999999977,2760.3890070416696,2744.083992958326,5824.55,5929.01000000001,-1.6505372830417688,-0.8705808268314286,0.7799564562103403,0.5924277976599708,1.5484486882407134,0.36976886869501074
1737640800,2741.72,2747.35,2740.22,2746.12,2751.7194999999974,2760.0446990410555,2743.3943009589393,6087.2,5915.81500000001,-1.4743711251159632,-1.0630074501846138,0.4113636749313494,0.6050906744715892,1.5484486882407134,0.36976886869501074
1737644400,2746.13,2749.31,2742.04,2746.44,2751.1564999999973,2759.308948164557,2743.0040518354376,6191.45,5926.890000000009,-1.2699932912526022,-1.1761279391344033,0.09386535211819885,0.5926560822373942,1.5484486882407134,0.36976886869501074
1737648000,2746.23,2757.37,2744.18,2753.88,2751.0909999999976,2759.1330716282337,2743.0489283717616,6445.35,5974.45000000001,-0.6013704112463516,-0.6578476619397406,-0.056477250693389075,0.5846459915892315,1.5484486882407134,0.36976886869501074
1737651600,2753.99,2758.84,2752.22,2757.67,2751.1404999999972,2759.330394936994,2742.9506050630007,6581.35,6039.17000000001,0.0916181254216655,0.058045406083692797,-0.0335727193379727,0.5953818016198418,1.5484486882407134,0.36976886869501074
1737655200,2757.65,2758.12,2755.03,2755.66,2751.1219999999967,2759.2691924052233,2742.97480759477,6784.75,6120.51000000001,0.3931997130600656,0.4579269219871094,0.06472720892704373,0.5922814331917409,1.5484486882407134,0.36976886869501074
1737658800,2755.67,2757.97,2753.65,2754.04,2751.051999999997,2759.0726648157342,2743.0313351842597,6992.85,6215.22500000001,0.4576383099023434,0.636775096304973,0.1791367864026296,0.5830980160125873,1.5484486882407134,0.36976886869501074
1737662400,2754.02,2754.56,2751.23,2753.79,2750.982999999997,2758.883617955757,2743.082382044237,7241.55,6350.03500000001,0.456449445761888,0.7496985936049896,0.2932491478431016,0.5743850802247804,1.5484486882407134,0.36976886869501074
1737666000,2753.84,2754.53,2752.06,2754.52,2751.080999999997,2759.1050909821925,2743.0569090178014,6932.9,6474.215000000009,0.47568985263904795,0.8878614636419115,0.4121716110028636,0.5833409472273271,1.5484486882407134,0.36976886869501074
1737673200,2754.48,2755.63,2753.42,2754.45,2751.1749999999965,2759.3099431530254,2743.0400568469677,6698.75,6578.07000000001,0.45458799243728953,0.9804066015494755,0.5258186091121859,0.5913795489584546,1.5484486882407134,0.36976886869501074
1737676800,2754.44,2760.98,2754.23,2759.66,2751.6579999999967,2760.566819455796,2742.7491805441973,6605.15,6656.13000000001,0.7452277421399399,1.4573532867871108,0.7121255446471709,0.6475237442879467,1.5484486882407134,0.36976886869501074
1737680400,2759.58,2762.49,2758.51,2762.24,2752.1909999999966,2762.2222130920272,2742.159786907966,6839.7,6731.38000000001,1.04648629694429,2.0202334158275335,0.9737471188832434,0.7289619864341265,1.5484486882407134,0.36976886869501074
1737684000,2762.26,2775.26,2762.26,2774.16,2753.305499999997,2767.167807855617,2739.4431921443775,7045.8,6816.81500000001,1.9322798679208024,3.3890969537842466,1.4568170858634442,1.006957481152728,1.5484486882407134,0.36976886869501074
1737687600,2774.15,2777.26,2770.9,2772.36,2754.264999999997,2770.4233458337226,2738.1066541662717,7158.05,6888.085000000009,2.2580314957565104,4.279356455559082,2.0213249598025715,1.1733326919323632,1.5484486882407134,0.36976886869501074
1737691200,2772.34,2774.96,2770.5,2772.02,2755.226499999997,2773.1152420208905,2737.3377579791036,7192.25,6949.17500000001,2.3037105234788884,4.900963114151182,2.5972525906722934,1.2985315015584729,1.5484486882407134,0.36976886869501074
1737694800,2772.25,2776.55,2772.21,2775.43,2756.365499999997,2776.243287077185,2736.4877129228094,7216.9,6992.390000000009,2.40551651828462,5.604148238528069,3.1986317202434487,1.4423186676213895,1.5484486882407134,0.36976886869501074
1737698400,2775.41,2778.19,2773.15,2773.81,2757.763499999997,2778.4046184554027,2737.122381544591,7220.65,7015.17000000001,2.210679462489991,5.961981048355938,3.7513015858659466,1.4969462359920171,1.5484486882407134,0.36976886869501074
1737702000,2773.79,2775.34,2772,2772.6,2758.834499999997,2780.2079288097384,2737.461071190256,7204.45,7011.460000000009,1.8612526264233331,6.077867368895113,4.21661474247178,1.549453496376185,1.549453496376185,0.36976886869501074
1737705600,2772.65,2775.32,2769.98,2774.08,2759.952499999997,2782.0474223823903,2737.857577617604,7221.65,7040.335000000009,1.600676787572283,6.217460726937134,4.616783939364851,1.6011088873734747,1.6011088873734747,0.36976886869501074
1737709200,2774.11,2777.72,2770.99,2772.76,2761.3569999999972,2782.9530775160724,2739.760922483922,7042.9,7074.750000000009,1.2271131236272481,6.150675343898911,4.923562220271663,1.5641641059866727,1.6011088873734747,0.36976886869501074
1737712800,2772.77,2776.09,2771.48,2775.72,2763.070499999997,2783.482448929134,2742.65855107086,6806,7094.835000000009,1.072656466512262,6.264382803411991,5.191726336899729,1.4774830341199776,1.6011088873734747,0.36976886869501074
1737716400,2775.69,2780.02,2774,2776.61,2764.594999999997,2784.2558997780757,2744.9341002219185,6604.9,7071.355000000009,0.9290813444974262,6.353078017521511,5.423996673024085,1.4223349009948019,1.6011088873734747,0.36976886869501074
1737720000,2776.62,2779.01,2776.04,2778.49,2766.1974999999975,2784.8783017781648,2747.51669822183,6511.9,7017.965000000009,0.8609149258770632,6.500140330370414,5.6392254044933505,1.3506484463359754,1.6011088873734747,0.36976886869501074
1737723600,2778.46,2784.57,2777.77,2782.26,2767.6164999999974,2786.6473888673945,2748.5856111326,6517,6953.86000000001,0.9622398032928645,6.842025158609431,5.879785355316566,1.3752547628905356,1.6011088873734747,0.36976886869501074
1737727200,2782.34,2784.28,2773.77,2778.19,2768.642499999997,2787.6303180706686,2749.6546819293258,6674.05,6902.04000000001,0.6619633004832544,6.707239480920634,6.04527618043738,1.3716337931438571,1.6011088873734747,0.36976886869501074
1737730800,2778.21,2785.91,2775.48,2775.71,2769.6449999999973,2787.88775363221,2751.4022463677843,6893.4,6869.690000000008,0.22567316052796116,6.3273676310973315,6.10169447056937,1.3173351553872767,1.6011088873734747,0.36976886869501074
1737734400,2775.77,2777.48,2769.95,2771.94,2770.5399999999972,2787.3311929322726,2753.748807067722,7047.5,6852.375000000009,-0.355835783203327,5.656899741565212,6.012735524768539,1.212124201944417,1.6011088873734747,0.36976886869501074
1737738000,2771.79,2776.04,2770.58,2773.28,2771.5144999999975,2786.4655728405437,2756.5634271594513,6979.15,6829.845000000008,-0.670962116221081,5.174032879492188,5.844994995713269,1.0789099490943466,1.6011088873734747,0.36976886869501074
1737741600,2773.23,2774,2771.38,2773.36,2772.4564999999975,2785.2198730293703,2759.6931269706247,7132,6820.880000000009,-0.8814865444595998,4.743136815138769,5.624623359598369,0.9207266573432497,1.6011088873734747,0.36976886869501074
1737745200,2773.43,2775.21,2771.26,2774.63,2773.4654999999975,2783.2086708945008,2763.7223291054943,7280.45,6844.635000000009,-0.9374603807703652,4.452797883635412,5.3902582644057775,0.7025990331953469,1.6011088873734747,0.36976886869501074
1737748800,2774.62,2774.75,2770.53,2770.89,2774.0269999999973,2781.5686526100535,2766.485347389941,7356.85,6899.720000000008,-1.2112204931020338,3.8762326480282354,5.087453141130269,0.5437331799622857,1.6011088873734747,0.36976886869501074
1737752400,2770.94,2772.14,2770.38,2770.8,2774.454999999997,2779.972229384817,2768.937770615177,7095.1,6948.74000000001,-1.3714387771231609,3.3731546697263184,4.744593446849479,0.3977162639019188,1.6011088873734747,0.36976886869501074
1737932400,2768.1,2769.3,2764.78,2767.52,2774.1229999999973,2780.4158820174266,2767.830117982568,6827.8,6980.330000000009,-1.6525448968254306,2.6789123258176915,4.331457222643122,0.45368442692910865,1.6011088873734747,0.36976886869501074
1737936000,2767.58,2770.97,2766.13,2769.65,2773.9874999999975,2780.5378309139987,2767.437169085996,6636,6992.230000000009,-1.645665077296472,2.274375876022532,3.920040953319004,0.47226823581586325,1.6011088873734747,0.36976886869501074
1737939600,2769.74,2772.57,2762.79,2762.87,2773.5299999999975,2781.6549713894883,2765.4050286105066,6754.15,7000.24000000001,-2.023506482801066,1.3906578498176714,3.4141643326187374,0.5858938889783666,1.6011088873734747,0.36976886869501074
1737943200,2762.86,2763.61,2753.91,2756.15,2772.5659999999975,2783.6108565439818,2761.5211434560133,6833.1,6994.210000000009,-2.6142355876209975,0.14636984809249043,2.760605435713488,0.796724517575721,1.6011088873734747,0.36976886869501074
1737946800,2756.27,2762.6,2755.16,2761.08,2771.9294999999975,2784.0309238450236,2759.8280761549713,6775.4,6967.00000000001,-2.5579974270579338,-0.4368913481089294,2.1211060789490044,0.8731408100405266,1.6011088873734747,0.36976886869501074
1737950400,2761.06,2761.09,2755.68,2758.1,2771.204499999997,2784.7138693073234,2757.695130692671,6727.4,6941.82500000001,-2.5981683429296307,-1.126604349713034,1.4715639932165967,0.9749817674824314,1.6011088873734747,0.36976886869501074
1737954000,2758.06,2758.06,2752.78,2753.18,2770.159499999997,2785.6984117729344,2754.6205882270597,6712.05,6899.830000000011,-2.8145452909641833,-2.0466176204886324,0.7679276704755509,1.1218784891582865,1.6011088873734747,0.36976886869501074
1737957600,2753.17,2754.99,2750.76,2754.54,2769.248499999997,2786.1475926111807,2752.3494073888132,6810.8,6852.86500000001,-2.722832082301687,-2.635612432401558,0.08721964990012898,1.2204822074424704,1.6011088873734747,0.36976886869501074
1737961200,2754.55,2755,2747.28,2749.33,2767.928999999997,2786.6262799113774,2749.2317200886164,6906.6,6807.840000000011,-2.8558978562605217,-3.482652670425523,-0.6267548141650015,1.350994184560409,1.6011088873734747,0.36976886869501074
1737964800,2749.36,2759.74,2749.25,2757.08,2766.9524999999967,2785.7738250088537,2748.1311749911397,7036.95,6802.025000000011,-2.2892891221021237,-3.488366216792656,-1.1990770946905323,1.3604371602950918,1.6011088873734747,0.36976886869501074
1737968400,2757.06,2764.91,2755.55,2763.29,2766.192499999997,2784.303045963013,2748.0819540369807,7162.1,6835.455000000011,-1.406901976619262,-2.95770456546461,-1.5508025888453478,1.3094205094559552,1.6011088873734747,0.36976886869501074
1737972000,2763.34,2770.95,2762.74,2768.01,2765.479999999997,2782.0627922886756,2748.897207711318,7139.85,6885.840000000011,-0.4647289377007231,-2.1317137609712518,-1.6669848232705287,1.1992704549429969,1.6011088873734747,0.36976886869501074
1737975600,2767.88,2771.95,2765.02,2771.28,2765.134499999997,2780.9120378016933,2749.3569621983006,7059.05,6916.330000000011,0.3740500721287874,-1.1994222331095443,-1.5734723052383317,1.1411768795837123,1.6011088873734747,0.36976886869501074
1737979200,2771.49,2771.64,2760.44,2761.29,2764.413499999997,2779.49458520912,2749.332414790874,6967.4,6929.760000000011,0.2569787678898525,-1.252248845376016,-1.5092276132658686,1.0910875098188544,1.6011088873734747,0.36976886869501074
1737982800,2761.25,2762.39,2752.29,2757.2,2763.676499999997,2778.654608394808,2748.698391605186,6990.2,6951.240000000011,-0.0771254141593507,-1.605634380965057,-1.5285089668057064,1.0839263129972705,1.6011088873734747,0.36976886869501074
1737986400,2757.19,2757.86,2744.89,2751.13,2762.568999999997,2777.816130749173,2747.3218692508203,7201.2,6998.62000000001,-0.6559304960299384,-2.3484220868431294,-1.692491590813191,1.103837098669859,1.6011088873734747,0.36976886869501074
1737990000,2751.02,2751.05,2739.48,2742,2761.0009999999966,2777.8523535385775,2744.1496464614156,7469.25,7074.340000000011,-1.5515544954427583,-3.6319347101166386,-2.0803802146738803,1.2206698612989255,1.6011088873734747,0.36976886869501074
1737993600,2741.96,2743.06,2733.16,2734.38,2758.9884999999967,2778.2849528109014,2739.692047189092,7737.85,7167.04500000001,-2.4989033856643346,-5.2040094467542986,-2.705106061089964,1.3988063241948732,1.6011088873734747,0.36976886869501074
1737997200,2734.55,2736.91,2730.39,2733.61,2757.1244999999967,2778.547376069352,2735.7016239306413,7886.1,7264.99500000001,-2.986164337678383,-6.437811483187943,-3.45164714550956,1.554001356801657,1.6011088873734747,0.36976886869501074
1738000800,2733.58,2737.85,2733.03,2736.94,2755.4314999999965,2777.6025074441814,2733.2604925558117,8109.3,7372.2300000000105,-2.891049564926943,-7.065459101668239,-4.174409536741296,1.6092584732507325,1.6092584732507325,0.36976886869501074
1738004400,2736.91,2740.49,2736.89,2739.24,2754.0174999999967,2776.5288872313827,2731.506112768611,8221.95,7478.214999999999,-2.4950419509167983,-7.293211975387294,-4.798170024470496,1.6348034993521974,1.6348034993521974,0.36976886869501074
1738008000,2739.26,2742.55,2738.08,2741.44,2752.6069999999963,2774.5516623144968,2730.662337685496,8297.8,7594.009999999999,-1.9318949678472093,-7.2130387342795075,-5.281143766432298,1.5944638892875336,1.6348034993521974,0.36976886869501074
1738011600,2741.32,2743.89,2740.35,2740.89,2751.5079999999966,2773.4881907199733,2729.52780928002,7972.35,7685.339999999999,-1.4646047577723573,-7.111899713647745,-5.647294955875387,1.5976832137123875,1.6348034993521974,0.36976886869501074
1738018800,2740.13,2745.23,2739.47,2741.71,2750.785999999997,2773.0555796117374,2728.5164203882564,7761.25,7764.7249999999985,-0.9911235109966645,-6.886199344621218,-5.895075833624554,1.619143009433704,1.6348034993521974,0.36976886869501074
1738022400,2741.69,2744.38,2739.78,2740.57,2749.7604999999967,2771.9282156938034,2727.59278430619,7605.3,7826.234999999999,-0.6614061618212919,-6.721833535901169,-6.060427374079877,1.612337924979775,1.6348034993521974,0.36976886869501074
1738026000,2740.65,2745.11,2739.51,2741.44,2748.9274999999966,2771.031091452129,2726.823908547864,7557.7,7861.884999999999,-0.3093005840631706,-6.44705310415884,-6.1377525200956695,1.6081611066230472,1.6348034993521974,0.36976886869501074
1738029600,2741.45,2741.61,2738.36,2739.34,2748.235499999996,2770.6279223587862,2725.843077641206,7551.3,7870.089999999999,-0.15045395751612123,-6.325819966990821,-6.1753660094747,1.6295854091681832,1.6348034993521974,0.36976886869501074
1738033200,2739.38,2741.75,2737.87,2738.76,2747.4464999999964,2770.006158044666,2724.886841955327,7429.8,7839.284999999999,-0.023719536180136558,-6.20501542969987,-6.181295893519733,1.6422272859303744,1.6422272859303744,0.36976886869501074
1738036800,2738.74,2742.46,2738.49,2742.22,2747.0909999999967,2769.7446177262773,2724.437382273716,7225.1,7773.1849999999995,0.33412137270533027,-5.763644177638071,-6.097765550343401,1.6492804735103859,1.6492804735103859,0.36976886869501074
1738040400,2742.21,2744.86,2741.18,2741.68,2746.3209999999967,2768.6080939355134,2724.03390606448,6982.85,7660.539999999999,0.5620245534977508,-5.395234858471213,-5.9572594119689635,1.6230509059586735,1.6492804735103859,0.36976886869501074
1738044000,2741.5,2742.9,2739.06,2739.55,2745.133999999997,2766.1734528467296,2724.094547153264,6735.9,7511.9349999999995,0.593787169190831,-5.215025450480425,-5.808812619671256,1.5328543412986582,1.6492804735103859,0.36976886869501074
1738047600,2739.37,2742.92,2738.28,2738.58,2743.6624999999963,2762.0452646207614,2725.279735379231,6570.85,7339.239999999998,0.5736227587131095,-5.091784171279869,-5.665406929992979,1.3400164649088675,1.6492804735103859,0.36976886869501074
1738051200,2738.93,2741.74,2734.72,2741.11,2742.1539999999964,2755.4799722384228,2728.82802776157,6468.05,7188.809999999998,0.7440229670053746,-4.73537822123626,-5.479401188241635,0.9719346352120575,1.6492804735103859,0.36976886869501074
1738054800,2741.05,2745.03,2740.31,2743.36,2741.2574999999965,2751.3282633817926,2731.1867366182005,6398.75,7052.559999999998,1.0053680012896136,-4.222691186629618,-5.228059187919231,0.7347550080060742,1.6492804735103859,0.36976886869501074
1738058400,2743.38,2745.1,2740.92,2743.14,2740.5544999999966,2747.577287131628,2733.531712868365,6215.65,6913.594999999997,1.1500942853925853,-3.7904413311784992,-4.9405356165710845,0.512508481887991,1.6492804735103859,0.36976886869501074
1738062000,2743.13,2744.53,2741.47,2742.64,2740.1299999999965,2745.335800620384,2734.924199379609,6006.55,6758.479999999998,1.1936491618153937,-3.4484741643018424,-4.642123326117236,0.3799674190923381,1.6492804735103859,0.36976886869501074
1738065600,2742.65,2745.46,2741.16,2745.45,2740.302499999996,2745.954263893189,2734.6507361068034,5816.15,6584.9649999999965,1.3800244406735889,-2.9170927752752505,-4.297117215948839,0.4124919707362799,1.6492804735103859,0.36976886869501074
1738069200,2745.46,2749.4,2745.15,2748.67,2741.016999999996,2747.0905660122494,2734.943433987743,5719.45,6413.929999999997,1.669166568113856,-2.2106590058065194,-3.8798255739203755,0.44316149898035684,1.6492804735103859,0.36976886869501074
1738072800,2748.68,2756.24,2748.68,2753.67,2742.019999999996,2749.3624192275383,2734.6775807724534,5779.45,6269.364999999996,2.1173547305640716,-1.2331321607152859,-3.3504868912793575,0.5355481891118563,1.6492804735103859,0.36976886869501074
1738076400,2753.5,2757.18,2751.04,2755.28,2742.936999999996,2751.9120656885652,2733.9619343114264,5899.7,6161.049999999997,2.4205673423841043,-0.3247777132992269,-2.745345055683331,0.6544128201682681,1.6492804735103859,0.36976886869501074
1738080000,2755.27,2759.54,2755.23,2758.65,2743.9074999999957,2755.0174250725304,2732.797574927461,5987.7,6086.229999999997,2.7238193072809174,0.6594290784178156,-2.0643902288631018,0.8097886005657768,1.6492804735103859,0.36976886869501074
1738083600,2758.63,2760.06,2757.55,2759.68,2744.8194999999955,2757.805650281088,2731.833349718903,6051.95,6034.3399999999965,2.8556575003168385,1.5051816465329466,-1.350475853783892,0.9462298181059065,1.6492804735103859,0.36976886869501074
1738087200,2759.69,2763.49,2759.28,2762.02,2745.8759999999957,2760.717111013703,2731.0348889862885,6274.3,6014.9649999999965,2.9502382045736235,2.3373219019331373,-0.612916302640486,1.0809745970835682,1.6492804735103859,0.36976886869501074
1738090800,2762.01,2764.89,2761.18,2764.79,2747.0299999999957,2763.852855884676,2730.2071441153153,6298.4,6004.929999999997,3.0372259656583545,3.183616154432457,0.1463901887741026,1.2248032154494433,1.6492804735103859,0.36976886869501074
1738094400,2764.8,2764.98,2762.31,2764.08,2748.2054999999955,2766.2962561787235,2730.1147438212674,6414.25,6024.789999999996,2.885886652457739,3.7537485043462766,0.8678618518885375,1.316550467476182,1.6492804735103859,0.36976886869501074
1738098000,2763.96,2764.21,2762.75,2763.28,2749.2974999999956,2768.239498709768,2730.355501290223,6289.35,6053.069999999996,2.5807808939522805,4.093837969328888,1.5130570753766075,1.3779519102441744,1.6492804735103859,0.36976886869501074
1738105200,2762.95,2764.4,2762.41,2762.69,2750.4649999999956,2769.6844833468217,2731.2455166531695,6041.05,6075.559999999996,2.2028110422111586,4.266570878140556,2.063759835929397,1.3975442950065637,1.6492804735103859,0.36976886869501074
1738108800,2762.7,2764.73,2762.13,2763.85,2751.7194999999956,2770.9944500418496,2732.4445499581416,5908.6,6094.474999999997,1.9056454523685082,4.445816651390032,2.540171199021524,1.4009385798119363,1.6492804735103859,0.36976886869501074
1738112400,2763.88,2766.13,2763.51,2763.68,2752.7924999999955,2772.2213701451847,2733.3636298548063,5945.8,6111.109999999996,1.5854834753718974,4.522025543236396,2.9365420678644982,1.411575347229348,1.6492804735103859,0.36976886869501074
1738116000,2763.67,2765.6,2763.33,2764.13,2753.9149999999954,2773.239886031353,2734.590113968638,5951.65,6116.304999999996,1.3036445423142902,4.566097745757361,3.2624532034430707,1.4034482568530597,1.6492804735103859,0.36976886869501074
1738119600,2764.15,2764.45,2762.29,2762.68,2755.0714999999955,2773.5700310530665,2736.5729689469244,5993.55,6116.889999999996,0.9363753824787882,4.432922431541556,3.4965470490627677,1.3428712142730996,1.6492804735103859,0.36976886869501074
1738123200,2762.56,2764.04,2761.43,2762.37,2756.260999999995,2773.3722745325726,2739.1497254674173,5944.8,6106.174999999996,0.6054310156455371,4.253335818619689,3.647904802974152,1.2416294779469514,1.6492804735103859,0.36976886869501074
1738126800,2762.39,2762.96,2760.12,2760.67,2757.238999999995,2772.953549822712,2741.524450177278,5797.5,6058.494999999995,0.22451652345007567,3.9285504572867467,3.704033933836671,1.1398757831814301,1.6492804735103859,0.36976886869501074
1738130400,2760.73,2762.06,2759.06,2759.06,2758.023999999995,2772.398284543234,2743.649715456756,5701.6,5998.814999999996,-0.16251823695660184,3.5008861376409186,3.6634043745975204,1.0423610920890412,1.6492804735103859,0.36976886869501074
1738134000,2759.05,2760.56,2757.36,2758.99,2758.816499999995,2771.465127242945,2746.1678727570447,5684.1,5925.799999999996,-0.4344504470085222,3.1203413158368676,3.55479176284539,0.9169603881193398,1.6492804735103859,0.36976886869501074
1738137600,2759.02,2766.01,2759.02,2763.92,2759.8804999999948,2770.288799531376,2749.4722004686137,5717.7,5868.634999999997,-0.29990495307018206,3.179910571507662,3.479815524577844,0.7542572608764118,1.6492804735103859,0.36976886869501074
1738141200,2763.95,2764.32,2760.3,2762.71,2760.7434999999955,2768.8247728654114,2752.6622271345796,5731.45,5837.674999999996,-0.3087971179580786,3.0938191271302458,3.4026162450883244,0.5854417743202839,1.6492804735103859,0.36976886869501074
1738144800,2762.68,2763.29,2756.99,2758.12,2761.2159999999953,2767.2688188575175,2755.163181142473,5742.25,5821.039999999995,-0.6221269791808477,2.6249575211122647,3.2470845002931124,0.4384169045465626,1.6492804735103859,0.36976886869501074
1738148400,2758.17,2759.74,2757.4,2758.96,2761.480499999995,2766.5781719326155,2756.3828280673747,5580.35,5784.494999999995,-0.7618993536907506,2.294710308179674,3.0566096618704246,0.3691984739794776,1.6492804735103859,0.3691984739794776
1738152000,2758.98,2759.04,2755.43,2756.43,2761.5379999999955,2766.3738354110865,2756.7021645889045,5486.4,5737.969999999996,-0.9988911633841777,1.8079957076402025,2.80688687102438,0.3502276927633094,1.6492804735103859,0.3502276927633094
1738155600,2756.54,2759.36,2752.14,2758.6,2761.5354999999954,2766.3773528606243,2756.6936471393665,5566.85,5695.299999999996,-0.9821750343628808,1.5791680780707793,2.56134311243366,0.3506638144343204,1.6492804735103859,0.3502276927633094
1738159200,2758.69,2761.07,2756.32,2759.24,2761.5134999999955,2766.3927305869806,2756.6342694130103,5708.6,5671.679999999996,-0.9027184216642343,1.4329450853533672,2.3356635070176015,0.3533736544822371,1.6492804735103859,0.3502276927633094
1738162800,2759.26,2759.6,2748.35,2754.08,2761.1164999999955,2766.962569716041,2755.27043028395,5889.4,5680.869999999995,-1.1561875084738302,0.8904291214253135,2.0466166298991437,0.4234569396869244,1.6492804735103859,0.3502276927633094
1738166400,2754.19,2756.1,2748.33,2751.46,2760.4499999999953,2767.403439446096,2753.4965605538946,6110.7,5721.779999999996,-1.4403086542227093,0.24623081212075704,1.6865394663434663,0.5037902839102817,1.6492804735103859,0.3502276927633094
1738170000,2751.49,2754.28,2750.99,2752.84,2759.8879999999954,2767.3735850889952,2752.4024149109955,6105.4,5763.909999999995,-1.470194406699208,-0.15120354203054376,1.3189908646686643,0.5424557147971136,1.6492804735103859,0.3502276927633094
1738173600,2752.82,2753.76,2748.62,2750.66,2759.256999999995,2767.5739347797535,2750.9400652202366,6330.95,5825.234999999996,-1.563003692250653,-0.6347637506446517,0.9282399416060011,0.6028387192464079,1.6492804735103859,0.3502276927633094
1738177200,2750.73,2757.74,2744.65,2755.12,2758.8784999999953,2767.2250089183503,2750.53199108164,6762.45,5928.3349999999955,-1.263075323866297,-0.6506042132268703,0.6124711106394267,0.6050653494421808,1.6492804735103859,0.3502276927633094
1738180800,2755.07,2758.95,2752.64,2755,2758.435999999995,2766.6180765169916,2750.2539234829987,7018,6055.909999999996,-1.0221154393940601,-0.6651731886031484,0.3569422507909117,0.5932402649179765,1.6492804735103859,0.3502276927633094
1738184400,2754.98,2759.76,2754.03,2759.13,2758.208499999995,2766.0402157208487,2750.3767842791417,6971.35,6195.009999999997,-0.557192694476285,-0.33954861730444463,0.21764407717184042,0.5678842423155098,1.6492804735103859,0.3502276927633094
1738191600,2758.78,2760.66,2758,2760.22,2758.0129999999954,2765.427801691633,2750.598198308358,6863.85,6332.7549999999965,-0.16900212919609886,0.006391415676716861,0.17539354487281572,0.5376915693753027,1.6492804735103859,0.3502276927633094
1738195200,2760.24,2762.54,2758.97,2762.11,2757.9844999999955,2765.3313999668608,2750.63760003313,6771.05,6453.1749999999965,0.20218392264213433,0.42812344817548365,0.2259395255333493,0.5327731150675652,1.6492804735103859,0.3502276927633094
1738198800,2762,2762,2758.93,2760.15,2757.873499999995,2765.016259349763,2750.7307406502273,6768,6559.114999999996,0.29709486493876464,0.5973081067068051,0.3002132417680405,0.5179903537829325,1.6492804735103859,0.3502276927633094
1738202400,2760.08,2761.52,2759.12,2760.36,2757.8579999999956,2764.977726407838,2750.7382735921533,6783.05,6648.479999999998,0.3516737236755667,0.7398053963624989,0.38813167268693216,0.51632291494648,1.6492804735103859,0.3502276927633094
1738206000,2760.31,2762.36,2759.25,2761.7,2757.9899999999952,2765.2895917783535,2750.690408221637,6754.8,6712.889999999997,0.44942452439941527,0.9499123281862012,0.5004878037867859,0.5293414246141773,1.6492804735103859,0.3502276927633094
1738209600,2761.6,2763.29,2759.78,2760.33,2758.0569999999952,2765.4164296062527,2750.697570393738,6679.25,6770.274999999997,0.3951402051347801,0.994413060205261,0.5992728550704809,0.5336676947762463,1.6492804735103859,0.3502276927633094
1738213200,2760.36,2761.12,2758.75,2760.55,2757.888499999995,2764.8466384819158,2750.9303615180743,6525.05,6789.684999999996,0.34897837280149147,1.0354958210723453,0.6865174482708538,0.5045989699671146,1.6492804735103859,0.3502276927633094
1738216800,2760.54,2766.46,2760.18,2765.43,2758.024499999995,2765.4452263208163,2750.6037736791736,6423.15,6755.754999999996,0.6069223585357305,1.445170396440517,0.8382480379047864,0.5381189558556403,1.6492804735103859,0.3502276927633094
1738220400,2765.42,2769.4,2764.86,2769.08,2758.5724999999948,2767.421734719971,2749.7232652800185,6340.7,6688.024999999997,0.9620731042427142,2.0408394182081793,1.078766313965465,0.641580724811567,1.6492804735103859,0.3502276927633094
1738224000,2769.26,2776.47,2768.27,2776.17,2759.432999999995,2771.1484378551086,2747.7175621448814,6386.15,6629.504999999996,1.576873579264732,3.04985828804638,1.4729847087816481,0.8491192107301463,1.6492804735103859,0.3502276927633094
1738227600,2776.2,2776.33,2771.43,2774.22,2760.322499999995,2773.589531134679,2747.0554688653115,6392.2,6582.3399999999965,1.7416829227927029,3.650088362272527,1.908405439479824,0.9612667458011716,1.6492804735103859,0.3502276927633094
1738231200,2774.16,2779.22,2773.79,2778.3,2761.307499999995,2776.6755810491545,2745.9394189508353,6225.15,6527.749999999995,1.996657829888111,4.404227726839963,2.407569896951852,1.113101749744254,1.6492804735103859,0.3502276927633094
1738234800,2778.29,2779.46,2777.04,2777.65,2762.227999999995,2779.1202817917815,2745.3357182082086,5996.55,6450.604999999996,1.9883722225396725,4.8930351751264425,2.90466295258677,1.223091054886597,1.6492804735103859,0.3502276927633094
1738238400,2777.62,2781.12,2776.11,2780.14,2763.530999999995,2781.6817001555037,2745.380299844486,5827.1,6355.009999999997,2.011369932056316,5.418875367657165,3.407505435600849,1.3135875917808604,1.6492804735103859,0.3502276927633094
1738242000,2780.19,2785.96,2778.53,2785.72,2765.2439999999947,2784.9173061823335,2745.570693817656,5875.15,6267.0449999999955,2.245382102853868,6.214233064168184,3.968850961314316,1.422898390329306,1.6492804735103859,0.3502276927633094
1738245600,2785.74,2789.04,2780.04,2787.57,2766.9804999999947,2788.04932671505,2745.9116732849393,6142.2,6213.339999999995,2.356229179226615,6.914137435347584,4.557908256120969,1.5228749689457808,1.6492804735103859,0.3502276927633094
1738249200,2787.62,2796.62,2786.8,2795.3,2769.212499999995,2792.258003577545,2746.166996422445,6362.5,6197.0849999999955,2.7539455139403897,8.000340148546456,5.246394634606067,1.6644084610733139,1.6644084610733139,0.3502276927633094
1738252800,2795.33,2798.35,2790.14,2790.4,2770.9764999999948,2794.824157561004,2747.1288424389854,6405.55,6195.324999999995,2.4983231018315646,8.369298511895522,5.8709754100639575,1.721245745751317,1.721245745751317,0.3502276927633094
1738256400,2790.37,2795.75,2788.72,2795.54,2773.0034999999953,2797.941407914042,2748.0655920859485,6465.1,6207.764999999996,2.481635930749478,8.973020323500805,6.491384392751327,1.7986207312069216,1.7986207312069216,0.3502276927633094
1738260000,2795.58,2797.04,2792.21,2795.02,2774.797999999995,2800.6334172432844,2748.962582756706,6668.35,6235.984999999996,2.2487193814026014,9.302283619504578,7.053564238101977,1.8621476044951166,1.8621476044951166,0.3502276927633094
1738263600,2795.03,2795.22,2790.63,2793.27,2776.450499999995,2802.5710876493,2750.32991235069,6834.8,6280.244999999996,1.808863304377093,9.314643368573343,7.50578006419625,1.8815813679592002,1.8815813679592002,0.3502276927633094
1738267200,2793.28,2798.16,2792.23,2795.45,2778.1174999999953,2804.6172312275125,2751.617768772478,7055.25,6363.254999999996,1.5090401763099592,9.392080284583699,7.88304010827374,1.907747330882679,1.907747330882679,0.3502276927633094
1738270800,2795.5,2798.32,2790.35,2794.14,2779.816999999995,2805.845070311367,2753.788929688623,7076.15,6471.214999999996,1.0865411570353505,9.241216554567927,8.154675397532577,1.872646315305808,1.907747330882679,0.3502276927633094
1738278000,2794.61,2796.83,2791.37,2796.13,2781.605499999995,2806.946639262782,2756.2643607372083,7043.15,6592.819999999995,0.8174212060327086,9.176451905073463,8.359030699040755,1.8220512767023813,1.907747330882679,0.3502276927633094
1738281600,2796.2,2799.53,2794.38,2795.68,2783.304499999995,2807.6149804380457,2758.9940195619447,7026.35,6707.939999999997,0.5009658281164917,8.98523798418637,8.484272156069878,1.746878966210886,1.907747330882679,0.3502276927633094
1738285200,2795.74,2796.55,2794.6,2796.25,2785.100499999995,2807.5960253135913,2762.6049746863987,7090.85,6802.804999999996,0.2353828501156503,8.77850071871444,8.54311786859879,1.615419286564083,1.907747330882679,0.3502276927633094
1738288800,2796.28,2798.09,2794.63,2796.17,2786.881499999995,2806.8144418584616,2766.9485581415283,7165.85,6883.139999999997,-0.026409961228846868,8.510105417062732,8.536515378291579,1.4304836325811956,1.907747330882679,0.3502276927633094
1738292400,2796.14,2798.15,2795.72,2796.29,2788.424499999995,2806.1295664818535,2770.7194335181366,7178.25,6960.409999999996,-0.2592798313702449,8.212415589078773,8.471695420449018,1.2698974981648954,1.907747330882679,0.3502276927633094
1738296000,2796.24,2796.34,2794.41,2795.75,2789.7579999999953,2805.322290672208,2774.1937093277825,7063.9,7020.289999999996,-0.5033426458411743,7.842517113147551,8.345859758988725,1.1158165455364097,1.907747330882679,0.3502276927633094
1738299600,2795.76,2796.38,2793.89,2795.52,2790.725499999995,2805.1552019765263,2776.2957980234637,6997.35,7053.189999999997,-0.7206961094564814,7.444989622168123,8.165685731624604,1.0341183306298902,1.907747330882679,0.3502276927633094
1738303200,2795.5,2795.77,2792.14,2792.79,2791.653999999995,2803.947655930409,2779.360344069581,6858.7,7055.579999999996,-1.0678161890081004,6.830915495364479,7.89873168437258,0.8807435255525187,1.907747330882679,0.3502276927633094
1738306800,2792.78,2800.87,2792.09,2798.31,2792.654499999995,2803.623756088302,2781.6852439116883,6894.35,7039.489999999996,-0.9491453656845703,6.712299977266866,7.661445342951437,0.7855791748178526,1.907747330882679,0.3502276927633094
1738310400,2798.18,2799.38,2791.64,2793.13,2793.4284999999954,2801.9693718012795,2784.8876281987114,7021.6,7034.034999999996,-1.2254324575299602,6.129654771038986,7.355087228568946,0.61149743415907,1.907747330882679,0.3502276927633094
1738314000,2793.19,2796.38,2792.62,2793.63,2794.102999999995,2800.0878111192264,2788.1181888807637,7048.5,7034.569999999997,-1.3695107541649563,5.643198785862751,7.012709540027707,0.4283887257721989,1.907747330882679,0.3502276927633094
1738317600,2793.59,2795.11,2790.96,2794.2,2794.5269999999955,2799.1145706120515,2789.9394293879395,6900.25,7021.959999999996,-1.4155816883846626,5.243232429546879,6.658814117931541,0.3283253739939515,1.907747330882679,0.3283253739939515
1738321200,2794.02,2800.68,2792.3,2800.22,2795.159499999995,2799.1903385138075,2791.128661486183,6692.7,6982.144999999995,-1.0467757272433804,5.350344458877316,6.397120186120697,0.28841563523028635,1.907747330882679,0.28841563523028635
1738324800,2800.19,2807.72,2799.78,2805.37,2795.662999999995,2801.669706596097,2789.656293403893,6501.85,6915.744999999997,-0.49040193739512716,5.784117764376788,6.274519701771915,0.42971607064957823,1.907747330882679,0.28841563523028635
1738328400,2805.4,2808.39,2803.21,2806.29,2796.457499999995,2803.5710360498215,2789.3439639501685,6403.55,6838.274999999996,-0.11446129246929182,6.1314430861853,6.245904378654592,0.5087533817214472,1.907747330882679,0.28841563523028635
1738332000,2806.38,2812.41,2804.4,2812.26,2797.293499999995,2807.1718728989867,2787.4151271010037,6449.6,6776.844999999997,0.45122000568862397,6.809929385765372,6.358709380076748,0.7062807602413937,1.907747330882679,0.28841563523028635
1738335600,2812.27,2817.05,2808.35,2809.15,2797.9999999999955,2809.0755243720846,2786.9244756279063,6564.9,6733.599999999997,0.5256803118822386,7.015809769929547,6.490129458047308,0.7916743654102335,1.907747330882679,0.28841563523028635
1738339200,2809.17,2810.15,2804.89,2807.42,2798.707499999995,2810.2806462937006,2787.1343537062894,6667.1,6714.439999999997,0.37521972885692634,6.959154119118466,6.58393439026154,0.8270350719898808,1.907747330882679,0.28841563523028635
1738342800,2807.43,2815.92,2802.96,2808.63,2799.3664999999955,2811.6045362442583,2787.128463755733,6861.15,6711.119999999997,0.278439212260599,6.931983405587289,6.65354419332669,0.8743432661827416,1.907747330882679,0.28841563523028635
1738346400,2808.62,2808.86,2795.35,2798.77,2799.5979999999954,2811.604792416204,2787.591207583787,7135.35,6722.494999999995,-0.4867184418003898,6.045146141076202,6.531864582876592,0.85775117829121,1.907747330882679,0.28841563523028635
1738350000,2798.95,2802.78,2795.41,2796.11,2799.596999999995,2811.6049508714777,2787.5890491285127,7374.55,6755.099999999996,-1.1700945991495573,5.069246333939645,6.239340933089203,0.8578342433916422,1.907747330882679,0.28841563523028635
1738353600,2796.14,2802.19,2794.21,2800.87,2799.8564999999953,2811.7382949454973,2787.9747050544934,7595.1,6824.584999999996,-1.2901940435322725,4.626598378673862,5.916792422206134,0.8487431370502004,1.907747330882679,0.28841563523028635
1738357200,2800.85,2802.52,2798.03,2798.29,2799.9584999999947,2811.7493799986783,2788.167620001311,7570.35,6912.349999999997,-1.5164277845986858,4.021257691457777,5.537685476056462,0.8422181970685311,1.907747330882679,0.28841563523028635
1738537200,2800.37,2804.03,2784.74,2793.21,2799.810499999995,2811.8593646411277,2787.7616353588623,7681.4,7030.304999999996,-1.953412814004226,3.0959194585511796,5.0493322725554055,0.8606914390193706,1.907747330882679,0.28841563523028635
1738540800,2793.2,2795.87,2790.18,2792.21,2799.6064999999953,2812.0195339212837,2787.193466078707,7822.8,7172.229999999996,-2.234756899370974,2.2558861483416877,4.490643047712662,0.886769902933745,1.907747330882679,0.28841563523028635
1738544400,2792.18,2792.18,2778.23,2782.15,2798.926499999995,2813.4249540947612,2784.428045905229,8096.4,7336.909999999996,-2.976894305595871,0.7695251657178233,3.7464194713136942,1.0360010593180085,1.907747330882679,0.28841563523028635
1738548000,2782.14,2782.61,2773.58,2778.08,2798.054499999995,2815.1354279353063,2780.973572064684,8336,7514.0199999999995,-3.5798912185723175,-0.7284445519017027,2.851446666670615,1.2209145987193006,1.907747330882679,0.28841563523028635
1738551600,2778.1,2778.27,2772.11,2774.37,2797.1334999999954,2817.008440279894,2777.258559720097,8499.1,7697.219999999999,-4.032933816197297,-2.1897206035760064,1.8432132126212906,1.4210934358262517,1.907747330882679,0.28841563523028635
1738555200,2774.36,2782.89,2773.97,2780.75,2796.255499999995,2817.358502135518,2775.1524978644725,8549.55,7866.0599999999995,-3.7151266126074667,-2.8006950531380426,0.9144315594694239,1.5093758160170103,1.907747330882679,0.28841563523028635
1738558800,2780.72,2785.06,2779.88,2783.05,2795.751499999995,2817.5974133739987,2773.905586625991,8542.7,8006.795,-3.182734209554817,-3.063986202474098,0.11874800708071942,1.562793644142115,1.907747330882679,0.28841563523028635
1738562400,2783.03,2788.12,2782.87,2786.78,2795.408999999995,2817.589444453134,2773.228555546856,8565.55,8125.8949999999995,-2.445239495866174,-2.9378013627519977,-0.49256186688582404,1.5869194420665473,1.907747330882679,0.28841563523028635
1738566000,2786.8,2789.75,2785.21,2789.18,2795.157999999995,2817.5005124849345,2772.8154875150553,8665.75,8232.960000000001,-1.697155616352016,-2.614006387325844,-0.916850770973828,1.5986582858600193,1.907747330882679,0.28841563523028635
1738569600,2789.21,2800.35,2786.93,2796.66,2794.979999999995,2817.2148276390917,2772.7451723608983,8762.85,8352.210000000001,-0.6535885528158438,-1.7338364619936328,-1.080247909177789,1.5910545076599285,1.907747330882679,0.28841563523028635
1738573200,2796.46,2800.68,2794.64,2796.34,2794.528499999995,2816.262152503504,2772.794847496486,8826.75,8466.744999999999,0.024188018862471905,-1.050012885599699,-1.074200904462171,1.5554432530216766,1.907747330882679,0.28841563523028635
1738576800,2796.33,2800.1,2792.9,2798.02,2794.114999999995,2815.2441093079497,2772.98589069204,8756.35,8560.1,0.5647442271715795,-0.36827062049769665,-0.9330148476692761,1.5124008358965122,1.907747330882679,0.28841563523028635
1738580400,2797.96,2804.07,2797.85,2801.25,2793.564499999995,2813.3017870258973,2773.8272129740926,8642.85,8614.744999999999,1.088586733042046,0.4277185686332814,-0.6608681644087646,1.413053969285647,1.907747330882679,0.28841563523028635
1738584000,2801.17,2810.68,2800.44,2810.35,2793.6244999999954,2813.557265466363,2773.691734533628,8527.65,8633.91,1.9466213015027591,1.7724084624696843,-0.17421283903307483,1.4270182314314297,1.907747330882679,0.28841563523028635
1738587600,2810.46,2811.8,2807.43,2810.96,2793.801499999995,2814.27662078458,2773.3263792154103,8579.95,8641.995,2.4228926809855578,2.8544030121988726,0.4315103312133147,1.4657534391462528,1.907747330882679,0.28841563523028635
1738591200,2810.97,2830.49,2810.08,2830.1,2794.874999999995,2820.0575395889005,2769.6924604110895,8526.1,8639.65,3.8119344049067783,5.196428337346788,1.3844939324400094,1.8020512251106402,1.907747330882679,0.28841563523028635
1738594800,2830.1,2830.1,2813.45,2817.4,2795.8064999999947,2822.8089156540423,2768.804084345947,8593.3,8644.710000000001,3.659624449432442,5.959024494230562,2.2994000447981198,1.931636946551747,1.931636946551747,0.28841563523028635
1738598400,2817.37,2825.2,2812.53,2814.03,2796.702499999995,2824.850678540494,2768.554321459496,8676.7,8655.825,3.136287240836327,6.2197590958435285,3.0834718550072013,2.0129547951917677,2.0129547951917677,0.28841563523028635
1738602000,2814.02,2822.12,2813.84,2817.16,2797.516999999995,2827.010975048266,2768.0230249517235,8657.35,8654.985,2.8154981210111507,6.60284450627114,3.787346385259989,2.1085823641658905,2.1085823641658905,0.28841563523028635
1738605600,2817.06,2821.62,2816.01,2821.01,2798.6529999999952,2829.8779465033394,2767.428053496651,8800.55,8658.755000000001,2.6780101431735526,7.13485906422693,4.4568489210533775,2.231426797344598,2.231426797344598,0.28841563523028635
1738609200,2821,2822.81,2817.81,2818.16,2799.900499999995,2832.1332724395606,2767.6677275604297,8814.55,8657.535,2.2289370425870523,7.243020224287193,5.014083181700141,2.3024227067758662,2.3024227067758662,0.28841563523028635
1738612800,2818.1,2819.44,2815.57,2816.48,2801.113999999995,2833.919616838308,2768.3083831616823,8768.55,8658.755000000001,1.6776960457377665,7.111203238872349,5.433507193134583,2.3423264342909857,2.3423264342909857,0.28841563523028635
1738616400,2816.39,2817.36,2811.86,2814.35,2802.7239999999947,2834.8012781911166,2770.646721808873,8562.85,8650.755000000001,1.0587733973999933,6.756973939884574,5.698200542484581,2.289007279426867,2.3423264342909857,0.28841563523028635
1738623600,2813.15,2815.11,2812.22,2813.75,2804.507499999995,2834.8237905900064,2774.191209409984,8215.6,8619.55,0.5251020159686544,6.354578062445398,5.829476046476744,2.161968943924115,2.3423264342909857,0.28841563523028635
1738627200,2813.58,2817.47,2812.56,2817.24,2806.650999999995,2834.0639282666248,2779.238071733365,7946.9,8556.244999999999,0.33265784401021214,6.2452983514895095,5.912640507479297,1.9534262198349552,2.3423264342909857,0.28841563523028635
1738630800,2817.27,2824.15,2815.95,2823.36,2808.7814999999946,2834.374043663216,2783.188956336773,7866.6,8490.294999999998,0.5312587790966958,6.576713981350167,6.045455202253471,1.822323570788367,2.3423264342909857,0.28841563523028635
1738634400,2823.32,2824.56,2816.89,2821.1,2810.6839999999947,2833.8880370657494,2787.47996293424,7851.35,8416.1,0.42854535327452936,6.581136893846633,6.152591540572104,1.6511309749338354,2.3423264342909857,0.28841563523028635
1738638000,2821.08,2824.23,2817.31,2821.33,2812.411499999995,2833.2652174418513,2791.557782558139,7776.1,8326.039999999999,0.3002875723317402,6.527951005986779,6.227663433655039,1.4829776824519576,2.3423264342909857,0.28841563523028635
1738641600,2821.32,2821.47,2817.87,2819.05,2813.904999999995,2831.9834064602096,2795.826593539781,7647.2,8225.024999999998,0.0018758169872850061,6.230008204889145,6.22813238790186,1.284933674748397,2.3423264342909857,0.28841563523028635
1738645200,2819.06,2819.19,2813.37,2815.73,2814.8584999999953,2831.118274018702,2798.5987259812887,7639.1,8108.879999999999,-0.45391656150197424,5.660736686024393,6.114653247526367,1.1552818032385372,2.3423264342909857,0.28841563523028635
1738648800,2815.67,2815.99,2810.9,2813.39,2815.710999999995,2829.6148683878405,2801.807131612149,7584.45,7985.869999999998,-0.9208827977643672,4.963549750320908,5.884432548085275,0.9875920069812371,2.3423264342909857,0.28841563523028635
1738652400,2813.37,2814.37,2807.03,2812.58,2816.4389999999953,2827.8654586000057,2805.012541399985,7605.55,7869.569999999998,-1.270633546062757,4.296140615506829,5.566774161569586,0.8114117578978569,2.3423264342909857,0.28841563523028635
1738656000,2812.6,2819.15,2810.18,2815.01,2817.1269999999954,2826.234021693989,2808.019978306002,7719.15,7785.199999999999,-1.3189161235413867,3.918129007142852,5.237045130684239,0.6465467615761298,2.3423264342909857,0.28841563523028635
1738659600,2815.03,2821.74,2814.04,2820.31,2817.624999999995,2826.272923458569,2808.977076541421,7764.6,7740.099999999997,-0.9895504676736904,4.0001070460921255,4.989657513765816,0.6138448841541408,2.3423264342909857,0.28841563523028635
1738663200,2820.28,2820.28,2812.71,2814.76,2817.814999999995,2826.0247125493925,2809.6052874505976,7713.15,7716.724999999997,-1.1309143740777667,3.576014546168608,4.706928920246375,0.5827006066329709,2.3423264342909857,0.28841563523028635
1738666800,2814.71,2816.77,2813.21,2815.33,2817.0764999999947,2823.0988459842347,2811.0541540157546,7546.9,7684.754999999997,-1.1667702358179826,3.2484661254738967,4.415236361291879,0.427559988821037,2.3423264342909857,0.28841563523028635
1738670400,2815.36,2822.87,2814.45,2821.72,2817.292499999995,2823.6465156710265,2810.9384843289636,7341.05,7633.724999999997,-0.7605379668717926,3.464563902702139,4.2251018695739315,0.4510724868668382,2.3423264342909857,0.28841563523028635
1738674000,2821.79,2837.3,2821.37,2831.55,2818.1684999999948,2826.8765704608754,2809.460429539114,7354.9,7591.604999999998,0.1227573943134086,4.378548612465693,4.255791218152284,0.6179950177486321,2.3423264342909857,0.28841563523028635
1738677600,2831.54,2841.19,2828.83,2838.79,2819.249999999995,2831.739906330583,2806.760093669407,7503.2,7577.204999999997,1.0931953188356243,5.622285366696815,4.529090047861191,0.8860446097783418,2.3423264342909857,0.28841563523028635
1738681200,2838.84,2845.28,2833.61,2835.88,2819.993499999995,2834.432282882919,2805.554717117071,7671.2,7580.414999999996,1.4171396532380172,6.300514614408712,4.883374961170695,1.0240295151690253,2.3423264342909857,0.28841563523028635
1738684800,2835.81,2842.37,2832.57,2840.35,2821.1029999999946,2838.00742439581,2804.198575604179,7755.15,7597.484999999998,1.7866370437595096,7.116671265870082,5.330034222110572,1.1984266009298916,2.3423264342909857,0.28841563523028635
1738688400,2840.4,2844.64,2839.28,2843.94,2822.4759999999947,2841.9246589807976,2803.0273410191917,7794.8,7616.409999999998,2.1050848921891294,7.961390337346984,5.8563054451578545,1.3781275008753315,2.3423264342909857,0.28841563523028635
1738692000,2843.96,2844.96,2842.43,2842.53,2823.8849999999948,2844.8023473496432,2802.9676526503463,7870.9,7631.584999999996,2.050956080832501,8.42000054619848,6.369044465365979,1.481458866040828,2.3423264342909857,0.28841563523028635
1738695600,2842.54,2844.06,2841.8,2843.03,2825.3489999999947,2847.297229909173,2803.4007700908164,8000.25,7655.149999999997,1.883358152983222,8.723242156595006,6.839884003611784,1.5536650452158882,2.3423264342909857,0.28841563523028635
1738699200,2843.01,2844.81,2840.81,2844.19,2826.696499999995,2849.768284741113,2803.624715258877,8146.45,7698.479999999998,1.6912528454244482,8.953950060392344,7.262697214967896,1.6324203706424032,2.3423264342909857,0.28841563523028635
1738702800,2844.13,2844.62,2840.97,2841.94,2827.6254999999946,2851.565038407073,2803.685961592916,7970.15,7740.804999999998,1.2723843237530144,8.853177619659164,7.580793295906149,1.6932608937837483,2.3423264342909857,0.28841563523028635
1738710000,2841.25,2842.59,2840.5,2841.12,2828.626499999995,2853.0600296495795,2804.19297035041,7705.9,7777.289999999996,0.8217020306713252,8.607920834245306,7.7862188035739806,1.7275896729090756,2.3423264342909857,0.28841563523028635
1738713600,2841.4,2848.22,2840.61,2845.2,2829.8199999999947,2855.0308706739193,2804.60912932607,7641.3,7805.929999999996,0.6855387200908982,8.643142203687603,7.957603483596705,1.7818003034768708,2.3423264342909857,0.28841563523028635
1738717200,2845.19,2848.9,2839.53,2844.41,2831.0879999999947,2856.5542864221925,2805.621713577797,7828.1,7838.419999999996,0.4412932160311307,8.509220003635619,8.067926787604488,1.799045909007265,2.3423264342909857,0.28841563523028635
1738720800,2844.39,2853.77,2843.79,2850.99,2832.8509999999947,2858.6994691256646,2807.0025308743247,7756.35,7846.934999999996,0.6114380257508998,8.832224319793113,8.220786294042213,1.8249084844681174,2.3423264342909857,0.28841563523028635
1738724400,2851.01,2854.39,2849.74,2852.27,2834.7949999999946,2860.3429983588007,2809.2470016411885,7654.75,7836.894999999997,0.6927681748209693,9.086746512568425,8.393978337747455,1.8024582630353287,2.3423264342909857,0.28841563523028635
1738728000,2852.22,2858.07,2851.83,2855.24,2836.927999999995,2861.815744456629,2812.0402555433607,7453.1,7802.724999999997,0.8204404474645806,9.41952889707818,8.5990884496136,1.754555946194916,2.3423264342909857,0.28841563523028635
1738731600,2855.19,2860.46,2853.55,2859.41,2839.1479999999947,2863.738537695219,2814.5574623047705,7194.35,7735.069999999997,1.0451775207111869,9.905560350502583,8.860382829791396,1.732247681010233,2.3423264342909857,0.28841563523028635
1738735200,2859.39,2861.72,2857.12,2859.26,2841.095499999995,2865.5791267562026,2816.611873243787,7005.35,7635.579999999996,1.0408973630980043,10.161504533663901,9.120607170565897,1.7235342322148473,2.3423264342909857,0.28841563523028635
1738738800,2859.27,2864.13,2854.92,2864.08,2843.561499999995,2866.84387726559,2820.2791227343996,6989.1,7519.844999999997,1.208099388449142,10.630731406127325,9.422632017678183,1.6375504637824945,2.3423264342909857,0.28841563523028635
1738742400,2863.97,2869.55,2863.51,2867.55,2846.1724999999947,2867.863187290783,2824.481812709206,7015.05,7424.334999999996,1.3851107684298078,11.154020478215443,9.768909709785635,1.524200468579363,2.3423264342909857,0.28841563523028635
1738746000,2867.49,2872.06,2865.13,2870.26,2848.599499999995,2869.656118416517,2827.5428815834725,6934.3,7347.174999999997,1.5073328606957688,11.653075785655346,10.145742924959578,1.4783839157819347,2.3423264342909857,0.28841563523028635
1738749600,2870.3,2876.95,2866,2867.69,2850.4064999999946,2871.5032421926903,2829.309757807299,6769.9,7260.034999999998,1.24841422337912,11.706260704183478,10.457846480804358,1.4802620042226096,2.3423264342909857,0.28841563523028635
1738753200,2867.65,2870.37,2864.68,2868.63,2851.898499999995,2873.706728977707,2830.0902710222826,6598,7137.024999999997,0.9853315149505129,11.689510874492498,10.704179359541985,1.5293832496291275,2.3423264342909857,0.28841563523028635
1738756800,2868.68,2870.77,2867.01,2870.16,2853.6124999999947,2875.503723701447,2831.7212762985423,6373.9,6998.779999999997,0.7688367295378917,11.665225271464351,10.89638854192646,1.534281455625279,2.3423264342909857,0.28841563523028635
1738760400,2870.12,2870.63,2858.55,2861.67,2854.678499999995,2875.9502213956735,2833.4067786043165,6444.2,6877.724999999997,-0.04831395977403474,10.835996092208916,10.88431005198295,1.4903059238144336,2.3423264342909857,0.28841563523028635
1738764000,2861.71,2872.58,2860.62,2870.43,2856.0029999999947,2877.7292008677823,2834.276799132207,6599.35,6792.349999999997,-0.09814292545812542,10.761631395160293,10.859774320618419,1.5214410396479032,2.3423264342909857,0.28841563523028635
1738767600,2872.42,2882.26,2871.4,2880.07,2857.879999999995,2881.063507934172,2834.6964920658183,6817.25,6754.639999999998,0.3919658481938946,11.349731630860788,10.957765782666893,1.6224269692343134,2.3423264342909857,0.28841563523028635
1738771200,2880.09,2880.98,2863.09,2874.78,2859.4674999999947,2882.7142613903925,2836.220738609597,7029.35,6757.039999999998,0.2411137344965173,11.25915795078754,11.018044216291022,1.6259503834471132,2.3423264342909857,0.28841563523028635
1738774800,2874.92,2876.6,2871.41,2872.97,2860.9064999999946,2883.751896279099,2838.06110372089,7092.35,6767.364999999998,-0.0820364057323495,10.915498709125586,10.997535114857936,1.5970739539446381,2.3423264342909857,0.28841563523028635
1738778400,2873,2873.46,2863.7,2865.56,2862.087499999995,2883.270476068926,2840.904523931064,7291.65,6795.024999999999,-0.8534314865083932,9.930745756722445,10.784177243230838,1.4802465730996097,2.3423264342909857,0.28841563523028635
1738782000,2865.52,2868.88,2862.7,2863.44,2863.203499999995,2882.076106898246,2844.330893101744,7528.85,6854.479999999999,-1.5257994226832192,8.876927964876813,10.402727387560033,1.3182861014420395,2.3423264342909857,0.28841563523028635
1738785600,2863.45,2866.05,2859.85,2862.47,2864.066999999995,2881.0515566364747,2847.0824433635153,7625.55,6940.044999999998,-2.0239845059347186,7.872746755141634,9.896731261076352,1.1860446446594837,2.3423264342909857,0.28841563523028635
1738789200,2862.45,2867.32,2861.1,2867.18,2865.205499999995,2879.6259389371403,2850.7850610628498,7238.9,7004.1349999999975,-2.019782065597381,7.372003679079626,9.391785744677007,1.0065902035400456,2.3423264342909857,0.28841563523028635
1738796400,2866.15,2870.81,2865.91,2869.13,2866.112499999995,2879.047828180348,2853.1771718196424,6979.35,7064.6799999999985,-1.872446417454011,7.051227722859494,8.923674140313505,0.902639249530704,2.3423264342909857,0.28841563523028635
1738800000,2869.14,2869.89,2867.3,2869.74,2866.985999999995,2878.3252899310937,2855.646710068896,6829.2,7103.179999999998,-1.7243692111185371,6.768212626415334,8.492581837533871,0.7910251344861027,2.3423264342909857,0.28841563523028635
1738803600,2869.71,2871.76,2863.62,2871.59,2867.8034999999954,2877.930292736857,2857.6767072631337,6991.5,7142.394999999999,-1.500525572947124,6.6169248713499655,8.11745044429709,0.7062403499306513,2.3423264342909857,0.28841563523028635
1738807200,2871.55,2873.23,2868.24,2870.58,2868.361999999995,2877.7830330719767,2858.9409669280135,7085.55,7169.2249999999985,-1.4200257737499538,6.342418227109647,7.762444000859601,0.6568928937129692,2.3423264342909857,0.28841563523028635
1738810800,2870.57,2870.57,2864.3,2869.3,2868.863999999995,2877.3111614251247,2860.4168385748653,7127.1,7178.999999999998,-1.4475852915341862,5.952962386441868,7.400547677976054,0.588885456064123,2.3423264342909857,0.28841563523028635
1738814400,2869.31,2872.3,2868.24,2868.42,2869.080999999995,2877.2436145408897,2860.9183854591006,6947.75,7164.539999999998,-1.5126031750611935,5.509793709149562,7.022396884210756,0.5690055136745564,2.3423264342909857,0.28841563523028635
1738818000,2868.41,2869.82,2865.43,2868.26,2869.116499999995,2877.258321119453,2860.9746788805373,6829.7,7118.344999999998,-1.548294645101981,5.08702857783328,6.635323222935261,0.5675490081673407,2.3423264342909857,0.28841563523028635
1738821600,2868.27,2871.35,2858.26,2859.15,2868.560999999995,2877.7620671198238,2859.3599328801665,6857.25,7051.184999999998,-2.1313730959638217,3.9711068529804834,6.102479948944305,0.6415109959194619,2.3423264342909857,0.28841563523028635
1738825200,2859.14,2861.71,2854.98,2855.66,2867.959499999995,2878.7459664810967,2857.173033518893,6881.8,6976.809999999998,-2.6634640647969023,2.7731498679481774,5.43661393274508,0.7522049374199193,2.3423264342909857,0.28841563523028635
1738828800,2855.62,2858.38,2848.76,2855.97,2867.3264999999947,2879.3016747859865,2855.351325214003,6910.5,6943.969999999998,-2.8871262839873264,1.8277060777609222,4.714832361748249,0.8352850493999802,2.3423264342909857,0.28841563523028635
1738832400,2855.99,2859.94,2855.66,2859.22,2866.7794999999946,2879.1789072095876,2854.3800927904017,6949.55,6940.989999999998,-2.711542318614214,1.3254044634804814,4.036946782094695,0.8650408731883956,2.3423264342909857,0.28841563523028635
1738836000,2859.24,2861.7,2855.64,2859.18,2866.6549999999947,2879.304599999421,2854.0054000005684,6750.85,6933.154999999999,-2.498702941571918,0.9135681051297979,3.412271046701716,0.8825338242255398,2.3423264342909857,0.28841563523028635
1738839600,2858.89,2867.32,2858.2,2865.82,2866.4244999999946,2878.9580222166137,2853.8909777833755,6573.05,6891.309999999998,-1.8416729423562495,1.1101798687564042,2.9518528111126536,0.8745056579455764,2.3423264342909857,0.28841563523028635
1738843200,2865.8,2870.19,2863.63,2864.32,2865.6369999999943,2876.5114840872902,2854.7625159126983,6413.2,6824.074999999999,-1.4559537031215841,1.1319106822106733,2.5878643853322574,0.7589575432824178,2.3423264342909857,0.28841563523028635
1738846800,2864.34,2864.88,2855.52,2856.67,2864.7314999999944,2875.4243579508943,2854.0386420490945,6403.8,6751.744999999998,-1.6496670514521306,0.5257805710170942,2.1754476224692247,0.7465172879831794,2.3423264342909857,0.28841563523028635
1738850400,2856.61,2859.69,2841.25,2841.88,2863.1769999999947,2877.1603817138507,2849.1936182861386,6593.2,6716.289999999998,-2.6483009411328142,-1.1349285539467928,1.5133723871860212,0.9767738224955047,2.3423264342909857,0.28841563523028635
1738854000,2841.86,2853.06,2834.09,2850.51,2862.4244999999946,2877.3986370089365,2847.4503629910528,6776,6710.919999999998,-2.5984476934173673,-1.7346872295856883,0.8637604638316791,1.0462555088486618,2.3423264342909857,0.28841563523028635
1738857600,2850.5,2854.62,2848.7,2848.7,2861.687499999995,2877.797069676145,2845.577930323845,6832.55,6708.449999999999,-2.5543704325286836,-2.329202576829175,0.22516785569950826,1.1258790260047584,2.3423264342909857,0.28841563523028635
1738861200,2848.64,2852.59,2848.05,2852.18,2861.1729999999948,2877.798746424081,2844.5472535759086,6806.85,6700.954999999997,-2.172806682626104,-2.4908404975831218,-0.31803381495701777,1.1621629607217883,2.3423264342909857,0.28841563523028635
1738864800,2852.2,2853.57,2849.71,2852.41,2860.434499999995,2877.238521517313,2843.6304784826766,7012.85,6711.189999999998,-1.8021702833475852,-2.5707466691414993,-0.7685763857939141,1.1749279011505602,2.3423264342909857,0.28841563523028635
1738868400,2852.49,2854.15,2850.3,2853.78,2859.666999999995,2876.212484101428,2843.121515898562,7187.8,6735.014999999998,-1.380952660870781,-2.4947672118823903,-1.1138145510116093,1.1571615926912473,2.3423264342909857,0.28841563523028635
1738872000,2853.81,2857.14,2853.71,2856.31,2858.995499999995,2874.9300605259477,2843.0609394740422,7412.65,6801.194999999998,-0.8729366709326356,-2.204985389677404,-1.3320487187447683,1.1146964397777313,2.3423264342909857,0.28841563523028635
1738875600,2856.44,2857.1,2854.84,2855.77,2858.2044999999953,2873.0962419781654,2843.312758021825,7173.3,6861.219999999998,-0.5310788121532857,-1.9958972339363754,-1.4648184217830897,1.0420347444117541,2.3423264342909857,0.28841563523028635
1738882800,2856.06,2858.72,2855.75,2857.98,2857.5744999999947,2871.3424286446166,2843.806571355373,6951.5,6915.049999999998,-0.13457739327932616,-1.6330401633822476,-1.4984627701029214,0.9636094278292228,2.3423264342909857,0.28841563523028635
1738886400,2857.97,2860.33,2857.92,2858.42,2857.030499999995,2869.7197718135812,2844.3412281864084,6786.4,6953.309999999998,0.16273775501947751,-1.2950405763285744,-1.457778331348052,0.8882839587177264,2.3423264342909857,0.28841563523028635
1738890000,2858.4,2868.03,2857.76,2866.15,2856.916999999995,2869.231828628721,2844.602171371269,6965,6990.489999999998,0.8471589760844491,-0.3988296112424905,-1.2459885873269396,0.8621061535022552,2.3423264342909857,0.28841563523028635
1738893600,2866.32,2869.11,2865.45,2868.65,2856.936499999995,2869.324131378184,2844.5488686218055,7004.55,7013.344999999998,1.4026350642715713,0.5073052430125244,-0.8953298212590468,0.8671968297642841,2.3423264342909857,0.28841563523028635
1738897200,2868.66,2870.47,2865.98,2867.13,2857.3354999999947,2870.473923770033,2844.1970762299566,6921.2,7022.209999999997,1.58842796924759,1.0902051403004407,-0.4982228289471493,0.9196276580078288,2.3423264342909857,0.28841563523028635
1738900800,2867.14,2869.52,2866.13,2866.44,2857.8744999999944,2871.566578701484,2844.182421298505,6741.45,7015.669999999996,1.5821193581740545,1.4794263687704188,-0.10269298940363569,0.9582001380039389,2.3423264342909857,0.28841563523028635
1738904400,2866.48,2867.01,2862,2862.07,2858.1794999999947,2871.9597735517114,2844.399226448278,6599.55,6974.339999999998,1.2172809733862777,1.4189082273292115,0.2016272539429338,0.9642692876158858,2.3423264342909857,0.28841563523028635
1738908000,2861.95,2866.25,2858.97,2860.73,2858.2549999999947,2872.0737416274455,2844.4362583725438,6591.6,6914.719999999997,0.8374415951065748,1.2484292478261523,0.4109876527195775,0.9669355342648515,2.3423264342909857,0.28841563523028635
1738911600,2860.75,2865.52,2860.21,2864,2858.4959999999946,2872.537195681239,2844.45480431875,6529.3,6826.3849999999975,0.7604024239946447,1.3614906827128834,0.6010882587182387,0.9824184243213595,2.3423264342909857,0.28841563523028635
1738915200,2864.01,2866.6,2863.03,2866.33,2858.5214999999944,2872.617552325758,2844.425447674231,6453.15,6754.369999999997,0.8154693622452527,1.6204249615248045,0.8049555992795518,0.9862477735964988,2.3423264342909857,0.28841563523028635
1738918800,2866.34,2870.61,2865.47,2868.8,2858.7454999999945,2873.3366952619585,2844.1543047380305,6375.8,6696.799999999997,0.9575270039325801,2.001864354195277,1.044337350262697,1.0208110698881052,2.3423264342909857,0.28841563523028635
1738922400,2868.81,2869.1,2863.31,2867.46,2859.2849999999944,2874.3204813748416,2844.249518625147,6182.95,6636.454999999997,0.9013341400520494,2.1710050253277586,1.2696708852757093,1.0516951877722753,2.3423264342909857,0.28841563523028635
1738926000,2867.45,2868.18,2865.01,2867.57,2860.5694999999946,2873.7075127556695,2847.4314872443197,5941.85,6534.139999999998,0.8143087125206585,2.2875567759265323,1.4732480634058738,0.9185592418345341,2.3423264342909857,0.28841563523028635
1738929600,2867.58,2867.89,2863.5,2863.53,2861.2204999999944,2873.566607855115,2848.874392144874,5714.7,6405.154999999997,0.4458207690158946,2.030524024675742,1.5847032556598475,0.8629959036795963,2.3423264342909857,0.28841563523028635
1738933200,2863.54,2870.68,2852.36,2862.34,2861.9024999999942,2872.832456778277,2850.9725432217115,5829.75,6296.0099999999975,0.101098546397417,1.7110764386566188,1.6099778922592018,0.7638245382770923,2.3423264342909857,0.28841563523028635
1738936800,2862.38,2878.19,2856.06,2876.26,2863.106499999994,2874.7678743263964,2851.4451256735915,6094.25,6231.289999999997,0.7533976019954653,2.5517248947535336,1.7983272927580682,0.8145959171551923,2.3423264342909857,0.28841563523028635
1738940400,2875.56,2886.69,2873.6,2880.36,2864.5039999999944,2877.342584663937,2851.665415336052,6259.25,6197.2599999999975,1.368009080679308,3.5083386436072033,2.1403295629278953,0.896391463509397,2.3423264342909857,0.28841563523028635
1738944000,2880.44,2881.44,2860.32,2860.59,2864.8444999999947,2876.862342533831,2852.8266574661584,6468.45,6184.944999999998,0.40033416223090557,2.640747265716527,2.2404131034856216,0.8389874238435158,2.3423264342909857,0.28841563523028635
1738947600,2860.57,2862.57,2853.35,2859.95,2865.0264999999945,2876.624764144746,2853.4282358552427,6564.5,6188.464999999998,-0.28844063142980714,1.8798623141983626,2.1683029456281697,0.8096444584196174,2.3423264342909857,0.28841563523028635
1738951200,2859.92,2864.98,2859.56,2861.2,2865.2979999999943,2876.253215386756,2854.3427846132327,6740.45,6217.194999999998,-0.6450267180764966,1.3620195480325492,2.007046266109046,0.7646824439734846,2.3423264342909857,0.28841563523028635
1738954800,2861.19,2863.23,2859.06,2860.22,2865.409999999995,2876.1064087506074,2854.7135912493823,6876.4,6267.254999999997,-0.9155537707864276,0.8626040526260113,1.7781578234124389,0.7465883591257524,2.3423264342909857,0.28841563523028635
1738958400,2860.19,2863.75,2859.31,2860.59,2865.5184999999947,2875.9703195143866,2855.066680485603,7070.45,6356.004999999998,-1.0297186347429232,0.4910095299837849,1.5207281647267081,0.7294888875707429,2.3423264342909857,0.28841563523028635
1738962000,2860.6,2863.24,2860,2860.28,2865.224999999995,2875.9163320103553,2854.5336679896345,6918.05,6453.624999999997,-1.0809430715467694,0.1695493252932465,1.250492396840016,0.7462821949662175,2.3423264342909857,0.427559988821037
1739142000,2855.92,2870.61,2855.92,2867.54,2865.169499999995,2875.8004914472917,2854.538508552698,6858.55,6568.0099999999975,-0.6044689953367761,0.4949061526690457,1.0993751480058218,0.7420846443672379,2.3423264342909857,0.427559988821037
1739145600,2867.56,2869.1,2865.72,2867.79,2865.202499999995,2875.861689235592,2854.5433107643976,6824.1,6667.444999999998,-0.2682053890496623,0.7641184116937438,1.0323238007434061,0.7440443902724023,2.3423264342909857,0.427559988821037
1739149200,2867.78,2876.43,2866,2871.79,2865.469999999995,2876.5019916680767,2854.438008331913,7078.85,6765.904999999997,0.20247705077724132,1.2854201142149577,1.0829430634377164,0.7699952655642475,2.3423264342909857,0.427559988821037
1739152800,2871.78,2874.94,2871.26,2873.75,2866.053999999995,2877.5318175695047,2854.5761824304855,7142.25,6854.204999999997,0.602087139736518,1.8355519881083637,1.2334648483718458,0.8009491495631028,2.3423264342909857,0.427559988821037
1739156400,2873.81,2875.62,2871.26,2875.42,2866.788499999995,2878.682100428694,2854.8948995712963,7025.95,6909.954999999997,0.9163228339960878,2.3788683908669555,1.4625455568708676,0.8297508120113407,2.3423264342909857,0.427559988821037
1739160000,2875.48,2879.5,2874.25,2878.57,2867.516999999995,2880.383253695765,2854.650746304225,6971.55,6950.659999999998,1.2529364146502164,3.028716075183638,1.7757796605334217,0.8973794189028333,2.3423264342909857,0.427559988821037