time,open,high,low,close,Volume Delta (Open),Volume Delta (High,Volume Delta (Low),Volume Delta (Close)
1739255400,2922.13,2923.36,2915.285,2917.55,0,703,-6157,-5740
1739256300,2917.65,2918.53,2915.165,2917.686,0,2428,-5729,-2661
1739257200,2917.635,2918.34,2912.355,2918.25,0,150,-8403,-879
1739258100,2918.186,2918.26,2910.645,2910.955,0,0,-5360,-5360
1739259000,2910.9,2911.81,2907.089,2910.34,0,2138,-2938,-1403
1739259900,2910.115,2913.558,2908.135,2913.306,0,511,-2560,-1358
1739260800,2913.377,2915.2,2910.425,2911.257,0,2874,-4392,-990
1739261700,2911.3,2914.22,2908.945,2914.06,0,7006,-48,7006
1739262600,2914.066,2914.56,2909.695,2911.54,0,0,-13131,-12015
1739263500,2911.466,2912.65,2906.845,2907.38,0,951,-9263,-9263
1739264400,2907.38,2912.25,2904.535,2910.705,0,2962,-4046,1323
1739265300,2910.827,2911.072,2908.835,2909.97,0,5613,-1663,4125
1739266200,2909.96,2910.05,2903.648,2904.29,0,0,-11830,-10417
1739267100,2904.25,2907.09,2902.795,2903.21,0,5895,-1346,4293
1739268000,2903.005,2907.1,2901.715,2905.72,0,7694,-1717,7694
1739268900,2905.686,2906.5,2903.725,2905.41,0,0,-5179,-3849
1739269800,2905.35,2907.14,2901.905,2903.32,0,1388,-8146,-5256
1739270700,2903.266,2904.32,2901.815,2902.535,0,4263,-514,2738
1739271600,2902.63,2906.38,2902.065,2905.63,0,7912,-204,7912
1739272500,2905.6,2906.42,2904.145,2904.93,0,714,-5718,-5718
1739273400,2904.94,2905.61,2902.775,2903.846,0,3688,0,3290
1739274300,2903.846,2906.73,2903.625,2903.84,0,7191,0,2968
1739275200,2903.765,2904.3,2897.948,2900.31,0,0,-10661,-8270
1739276100,2900.26,2903.55,2898.645,2899.405,0,4686,-1139,-1139
1739277000,2899.57,2901.85,2897.628,2898.84,0,7559,0,3478
1739277900,2898.646,2899.96,2886.365,2889.231,0,941,-14036,-8966
1739278800,2889.231,2890.65,2883.655,2884.84,0,0,-12032,-9386
1739279700,2884.78,2890.42,2881.635,2889.74,0,12760,-3266,12760
1739280600,2889.606,2896.54,2887.745,2895.17,0,15465,-336,15255
1739281500,2895.126,2898.37,2891.455,2896.491,0,10745,-2016,10745
1739282400,2896.446,2902.33,2894.575,2898.4,0,6631,-4649,-2290
1739283300,2898.39,2900.96,2896.298,2900.675,0,8198,0,8198
1739284200,2900.695,2904.323,2898.798,2902.589,0,7843,-1567,2804
1739285100,2902.65,2903.5,2895.595,2896.686,0,0,-4893,-2699
1739286000,2896.248,2901.96,2890.675,2900.798,0,10203,-3738,7357
1739286900,2901.14,2901.3,2896.445,2898.16,0,0,-8384,-4532
1739287800,2898.17,2904.78,2896.605,2904.01,0,20764,0,20764
1739288700,2903.958,2906.59,2903.505,2904.69,0,6397,0,1244
1739289600,2904.625,2906.7,2902.975,2906.43,0,5408,-2639,5401
1739290500,2906.325,2908.67,2905.375,2906.861,0,4087,-32,4087
1739291400,2906.83,2907.08,2903.175,2903.86,0,1464,-3549,1464
1739292300,2903.8,2905.54,2902.125,2902.206,0,2238,-4036,-4036
1739293200,2902.36,2902.43,2899.455,2900.765,0,0,-6725,-2495
1739294100,2901.04,2905.43,2900.445,2905.42,0,10586,0,10586
1739295000,2905.4,2906.71,2904.495,2905.94,0,4038,-687,2452
1739295900,2905.805,2907.35,2905.165,2905.56,0,2955,-4009,-4009
1739296800,2905.65,2907.2,2904.055,2905.375,0,4781,-1668,-544
1739297700,2905.466,2906.57,2903.075,2904.43,0,5991,0,5991
1739298600,2904.297,2906.46,2904.015,2905.69,0,2631,0,819
1739299500,2905.87,2906.47,2904.905,2905.801,0,1251,-1506,-328
1739300400,2905.595,2906.47,2903.935,2904.315,0,2273,-1915,-971
1739301300,2904.45,2904.7,2900.475,2901.71,0,0,-8708,-7507
1739302200,2901.637,2903.32,2900.155,2901.585,0,0,-5608,-4948
1739303100,2901.77,2901.91,2899.605,2900.217,0,0,-5243,-3603
1739304000,2900.125,2900.53,2898.055,2898.146,0,0,-5172,-4745
1739304900,2898.146,2898.45,2894.215,2895.63,0,75,-10059,-5992
1739305800,2895.59,2896.91,2893.855,2896.6,0,0,-4470,-2072
1739306700,2896.506,2898.22,2896.325,2897.55,0,4326,-3728,-3728
1739307600,2897.506,2898.84,2897.165,2897.706,0,1453,-358,-358
1739308500,2897.92,2899.6,2897.565,2899.08,0,1187,-142,382
1739309400,2899.01,2899.09,2897.765,2898.395,0,0,-1833,-1046
1739310300,2898.69,2899.79,2896.755,2897.23,0,375,-1130,-923
1739314800,2896.571,2898.67,2895.07,2897.9,0,734,0,549
1739315700,2897.935,2900.15,2897.805,2899.55,0,1397,0,960
1739316600,2899.77,2900.652,2898.828,2900.377,0,903,-303,903
1739317500,2900.41,2900.761,2898.155,2898.4,0,706,-1348,-856
1739318400,2898.441,2898.9,2895.005,2897.185,0,291,-1769,-631
1739319300,2897.155,2897.81,2894.845,2895.67,0,972,-809,-391
1739320200,2895.666,2896.09,2892.935,2893.125,0,398,-2491,-2491
1739321100,2893.211,2893.78,2889.086,2892.26,0,687,-6431,-2174
1739322000,2892.135,2897.72,2890.735,2891.536,0,8469,0,2648
1739322900,2891.75,2893.76,2889.345,2892.02,0,5080,0,3641
1739323800,2891.857,2894.78,2883.345,2893.7,0,0,-5849,-1453
1739324700,2893.465,2895.95,2892.345,2893.34,0,4512,-437,446
1739325600,2893.125,2895.75,2892.515,2894.877,0,7782,0,6466
1739326500,2894.877,2896.36,2893.275,2895.93,0,4963,-933,3723
1739327400,2895.897,2897.84,2893.448,2895.166,0,1207,-3777,-134
1739328300,2895.35,2897.15,2891.585,2892.49,0,1058,-6690,-6602
1739329200,2892.386,2893.08,2887.535,2888.06,0,0,-5574,-5574
1739330100,2888.066,2891.68,2886.988,2889.65,0,5345,-1660,538
1739331000,2889.62,2890,2886.915,2888.045,0,761,-2822,-2822
1739331900,2888.066,2889.44,2886.615,2888.886,0,1797,-1212,554
1739332800,2888.886,2889.04,2887.695,2888.506,0,0,-2273,-1560
1739333700,2888.385,2890.48,2888.205,2889.545,0,1399,-309,1300
1739334600,2889.627,2889.921,2884.865,2886.76,0,2280,-1476,788
1739335500,2886.76,2887.98,2883.895,2885.33,0,1845,-1578,1029
1739336400,2885.413,2886.19,2883.905,2884.99,0,1013,-2021,1013
1739337300,2884.957,2885.85,2883.47,2885.44,0,2708,-1921,2708
1739338200,2885.55,2887.83,2884.565,2887.366,0,1188,-1989,738
1739339100,2887.377,2888.041,2885.528,2886.3,0,1627,-3408,-1839
1739340000,2886.3,2891.86,2885.435,2891.3,0,11130,-1726,11130
1739340900,2891.326,2894.76,2888.635,2890.13,0,3575,-1619,-54
1739341800,2890.12,2890.74,2886.565,2888.05,0,0,-5726,-3782
1739342700,2888.04,2894.33,2887.465,2892.666,0,6343,0,6343
1739343600,2892.676,2895.5,2891.645,2893.595,0,5736,-407,-407
1739344500,2893.6,2895.82,2891.615,2894.617,0,8457,-1083,5755
1739345400,2894.73,2895.18,2890.615,2892.94,0,0,-6613,-5758
1739346300,2892.94,2893.96,2892.115,2892.76,0,1051,-5483,-4047
1739347200,2892.757,2893.878,2888.295,2889.925,0,687,-7149,-5703
1739348100,2890.037,2892.2,2887.865,2891.55,0,3828,-3074,3629
1739349000,2891.545,2894.02,2891.055,2893.14,0,4422,-61,-61
1739349900,2893.016,2893.17,2890.635,2891.565,0,1056,-1839,34
1739350800,2891.68,2893.02,2890.115,2891.165,0,1556,-2600,-584
1739351700,2891.36,2893.44,2889.385,2889.55,0,3139,-498,-498
1739352600,2889.526,2891.04,2888.635,2890.47,0,3058,-1353,2277
1739353500,2890.446,2890.6,2886.148,2886.67,0,0,-9027,-9027
1739354400,2886.697,2888.61,2886.135,2887.086,0,2358,-656,2358
1739355300,2887.17,2889.77,2886.609,2889.505,0,5916,-296,5916
1739356200,2889.586,2889.92,2879.098,2880.887,0,0,-7181,-5266
1739357100,2881.01,2885.74,2880.875,2882.717,0,2310,-335,383
1739358000,2882.74,2883.81,2879.425,2880.34,0,0,-8204,-7224
1739358900,2880.327,2881.78,2879.625,2880.79,0,2690,-2256,1368
1739359800,2880.79,2885.95,2880.655,2883.625,0,6880,0,3276
1739360700,2883.76,2883.79,2879.159,2879.641,0,65,-3716,-3716
1739361600,2879.63,2883.06,2878.718,2881.97,0,3469,-1130,-454
1739362500,2881.97,2884.03,2880.925,2882.63,0,1546,-2219,-92
1739363400,2882.475,2884.45,2880.669,2881.85,0,195,-3134,-1878
1739364300,2881.73,2886,2881.505,2885.104,0,10623,0,10623
1739365200,2884.94,2885.74,2876.405,2878.86,0,2366,-14701,-14701
1739366100,2878.705,2880.01,2873.085,2878.51,0,5738,-2153,5738
1739367000,2876.9,2878.81,2863.685,2871.54,0,2631,-7116,-3287
1739367900,2871.362,2885.63,2870.405,2884.737,0,12658,-1549,12658
1739368800,2884.75,2894.36,2881.695,2893.862,0,2228,-7745,2228
1739369700,2893.71,2896.31,2889.908,2895.5,0,2889,-7138,-882
1739370600,2895.64,2898.06,2892.235,2893.406,0,2059,-11574,-9685
1739371500,2893.295,2896,2889.405,2894.48,0,1917,-7318,285
1739372400,2894.46,2894.9,2886.2,2888.555,0,0,-13367,-9747
1739373300,2888.73,2894.72,2887.405,2892.48,0,3983,-2888,-752
1739374200,2892.47,2895.78,2891.705,2894.69,0,5392,0,2948
1739375100,2894.656,2895.95,2892.715,2894.6,0,7086,-1473,2651
1739376000,2894.65,2896.48,2891.945,2893.97,0,5318,-1910,937
1739376900,2893.97,2894.55,2891.935,2893.62,0,0,-8294,-2158
1739377800,2893.62,2897.35,2892.835,2897.237,0,4027,-905,3901
1739378700,2897.045,2904.52,2896.565,2902.355,0,9669,0,7616
1739379600,2902.427,2909.19,2902.115,2908.717,0,9366,-200,9366
1739380500,2908.72,2908.81,2903.095,2905.68,0,598,-7117,-325
1739381400,2905.57,2906.74,2901.735,2902.766,0,0,-10149,-7741
1739382300,2902.75,2904.33,2901.785,2902.73,0,2083,-5351,-5304
1739383200,2902.618,2903.8,2900.588,2902.25,0,706,-4388,-1449
1739384100,2902.27,2903.05,2900.795,2901.835,0,2242,-3357,-1859
1739385000,2901.986,2903.2,2900.895,2901.6,0,5094,-1536,3584
1739385900,2901.7,2902.68,2900.245,2901.06,0,1153,-1409,397
1739386800,2901.106,2901.84,2896.575,2897.82,0,223,-5436,-4590
1739387700,2897.82,2898.39,2893.385,2894.986,0,2985,-397,1974
1739388600,2894.98,2896.78,2893.775,2895.16,0,2171,-2982,-2982
1739389500,2895.146,2899.17,2894.43,2897.83,0,8060,0,5082
1739390400,2897.675,2897.95,2895.305,2897.83,0,2143,-2563,2143
1739391300,2897.638,2900.24,2897.175,2899.67,0,3401,-1722,1357
1739392200,2899.72,2901,2899.265,2900.397,0,4681,0,4681
1739393100,2900.41,2901.45,2899.345,2900.84,0,2230,-4703,-607
1739394000,2900.851,2901.73,2899.915,2900.906,0,0,-1730,-1629
1739394900,2900.917,2903.92,2900.785,2902.8,0,4779,0,2514
1739395800,2902.84,2903.43,2901.795,2903.19,0,1728,-1071,1728
1739396700,2902.73,2904.36,2902.71,2903.975,0,845,-1982,-1814
1739397600,2903.86,2903.86,2903.86,2903.86,0,0,-1,-1
1739401200,2901.61,2905.37,2901.61,2904.018,0,194,-1835,-1835
1739402100,2904.08,2904.26,2901.655,2901.89,0,218,-1778,-1474
1739403000,2901.92,2902.34,2900.225,2901.88,0,341,-1361,-781
1739403900,2901.821,2906.398,2901.575,2905.498,0,3668,0,2719
1739404800,2905.677,2908.443,2904.228,2907.85,0,2519,-628,2519
1739405700,2907.746,2908.5,2904.338,2906.265,0,475,-1787,-162
1739406600,2906.306,2908.91,2905.775,2908.69,0,3198,-1488,3198
1739407500,2908.677,2909.13,2905.46,2906.23,0,0,-8915,-8915
1739408400,2906.23,2907.15,2903.088,2905.415,0,801,-5195,801
1739409300,2905.59,2906.58,2901.305,2902.486,0,688,-7325,-4792
1739410200,2902.37,2904.61,2901.188,2904.08,0,4289,-509,3413
1739411100,2903.985,2907.43,2903.985,2905.915,0,1160,-5350,-5350
1739412000,2906.01,2907.18,2905.108,2906.088,0,2551,-1238,1015
1739412900,2906.35,2907.66,2906.118,2907.04,0,3556,0,2911
1739413800,2907.21,2909,2906.718,2908.36,0,1079,-2338,-1279
1739414700,2908.1,2909,2906.408,2908.81,0,353,-3294,-817
1739415600,2908.77,2909.08,2907.166,2908.74,0,4986,-381,4426
1739416500,2908.713,2917.131,2908.625,2914.97,0,8728,0,5330
1739417400,2914.986,2917.782,2913.938,2916.355,0,4062,-1807,2257
1739418300,2916.385,2918.08,2915.915,2916.51,0,2313,-648,-122
1739419200,2916.42,2918.63,2916.045,2918.385,0,1590,-627,1346
1739420100,2918.517,2918.53,2916.048,2917.58,0,0,-2751,-1016
1739421000,2917.577,2918.88,2916.395,2917.41,0,2110,-614,-614
1739421900,2917.246,2919.18,2916.555,2918.49,0,12,-2378,-1038
1739422800,2918.377,2920.47,2917.746,2919.797,0,2880,-1085,1943
1739423700,2919.79,2922.81,2919.675,2922.238,0,3197,-9,2411
1739424600,2922.366,2922.49,2920.14,2920.81,0,0,-4875,-2518
1739425500,2920.82,2921.03,2916.405,2917.886,0,0,-10270,-10270
1739426400,2918.04,2918.94,2914.315,2917.266,0,0,-6511,-919
1739427300,2917.42,2918.05,2915.005,2915.977,0,73,-5214,-5214
1739428200,2916.03,2916.16,2912.348,2913.997,0,1717,-2163,-1578
1739429100,2913.95,2916.37,2913.335,2916.01,0,6367,0,6367
1739430000,2915.855,2917.57,2914.025,2916.365,0,3977,-2132,2466
1739430900,2916.62,2918.03,2914.305,2916.23,0,2166,-3526,-3526
1739431800,2916.227,2920.69,2912.995,2915.67,0,2788,-8738,-3864
1739432700,2915.67,2918.65,2914.225,2914.4,0,4832,-2831,-2831
1739433600,2914.4,2918.12,2910.385,2910.726,0,7382,0,1977
1739434500,2910.657,2915.51,2910.355,2912.095,0,6076,0,4192
1739435400,2912.25,2914.03,2909.305,2911.645,0,988,-5375,-992
1739436300,2911.69,2913.5,2910.448,2911.537,0,1199,-4202,-2924
1739437200,2911.65,2914.08,2909.645,2912.82,0,7343,-1292,4814
1739438100,2912.7,2914.74,2912.185,2913.66,0,2313,-329,-329
1739439000,2913.66,2915.05,2912.655,2914.05,0,3830,-654,3744
1739439900,2913.865,2918.42,2913.835,2915.3,0,5088,-1100,595
1739440800,2915.326,2918.05,2913.725,2917.09,0,3665,-1070,3665
1739441700,2916.927,2918.16,2915.135,2916.16,0,1335,-2357,-1195
1739442600,2915.95,2918.377,2915.145,2918.086,0,5057,0,4100
1739443500,2918.12,2919.42,2916.905,2918.01,0,4628,0,4076
1739444400,2917.977,2918.29,2916.398,2917.67,0,0,-3613,-3613
1739445300,2917.67,2918.44,2915.588,2916.75,0,62,-4256,-3571
1739446200,2916.777,2918.23,2916.135,2917.677,0,2394,-436,1613
1739447100,2917.677,2918.18,2915.165,2917.88,0,1891,-2067,1891
1739448000,2917.926,2920.41,2915.345,2919.49,0,5932,0,3784
1739448900,2919.45,2919.69,2917.105,2917.777,0,0,-4609,-4568
1739449800,2917.735,2921.32,2917.665,2919.74,0,9021,0,8151
1739450700,2919.59,2920.17,2916.895,2917.63,0,0,-6022,-4692
1739451600,2917.64,2917.931,2912.715,2915.285,0,4483,-5234,1326
1739452500,2915.397,2916.746,2910.898,2911.898,0,2667,-8313,-7268
1739453400,2911.898,2917.66,2907.698,2912.465,0,0,-12361,-12361
1739454300,2912.78,2913.12,2905.548,2908.52,0,0,-8539,-6793
1739455200,2908.51,2913,2906.395,2911.65,0,10844,-2390,8658
1739456100,2911.565,2913.62,2908.815,2909.37,0,8186,0,2961
1739457000,2909.37,2916.46,2907.615,2914.401,0,7308,-2364,2840
1739457900,2914.3,2917.39,2913.195,2915.046,0,3299,-3280,-1548
1739458800,2915.01,2919.089,2914.375,2918.766,0,4445,-2732,1317
1739459700,2918.786,2919.721,2915.665,2915.985,0,0,-5014,-5014
1739460600,2916.09,2919.86,2915.265,2917.045,0,4487,-3670,-3670
1739461500,2917.006,2920.91,2916.41,2920.166,0,12373,-1760,11221
1739462400,2920.186,2920.797,2918.43,2919.897,0,1988,-3180,775
1739463300,2919.9,2919.9,2916.4,2917.78,0,0,-8379,-7318
1739464200,2917.72,2917.92,2915.345,2916.44,0,2537,-1980,1149
1739465100,2916.437,2916.55,2912.885,2913.94,0,0,-8973,-6933
1739466000,2913.74,2916.84,2913.365,2916.085,0,7476,-1049,6161
1739466900,2916.27,2917.37,2914.705,2916.326,0,779,-2241,-1561
1739467800,2916.34,2917.25,2914.548,2916.28,0,2642,-1061,1738
1739468700,2916.37,2919.19,2915.835,2918.745,0,10836,0,8131
1739469600,2918.99,2919.02,2915.778,2915.89,0,0,-3202,-2315
1739470500,2916.02,2917.64,2914.695,2917.03,0,4415,-3439,4415
1739471400,2916.795,2919.72,2913.985,2918.16,0,7755,0,6306
1739472300,2918.17,2925.33,2917.148,2924.017,0,7954,0,6702
1739473200,2923.805,2926.67,2923.698,2926.34,0,3498,-1094,2862
1739474100,2926.24,2927.2,2924.315,2926.46,0,1051,-3762,-1396
1739475000,2926.46,2927.14,2925.685,2926.427,0,919,-1000,558
1739475900,2926.46,2927.45,2925.095,2926.8,0,2392,-1986,2392
1739476800,2926.84,2926.94,2925.005,2926.205,0,0,-4060,-2725
1739477700,2926.38,2928.99,2925.54,2925.805,0,3649,-2337,-2337
1739478600,2925.86,2928.64,2925.558,2927.83,0,3356,-2390,1659
1739479500,2927.84,2929,2924.665,2928.397,0,5010,-1731,3576
1739480400,2928.275,2929.02,2928.055,2928.43,0,1456,-62,531
1739481300,2928.42,2929.08,2927.918,2928.34,0,1369,-205,1080
1739482200,2928.38,2929.54,2928.015,2929.04,0,2271,0,1423
1739483100,2929.085,2929.49,2927.145,2927.305,0,447,-1875,-112
1739487600,2929.22,2929.94,2926.675,2928.03,0,0,-1533,-229
1739488500,2928.03,2931.257,2927.598,2930.77,0,3089,0,2722
1739489400,2930.79,2932.28,2930.415,2931.18,0,962,-1139,-874
1739490300,2931.18,2932.16,2930.415,2931.07,0,1090,-792,-42
1739491200,2931.07,2931.44,2927.298,2927.74,0,0,-4799,-3630
1739492100,2927.765,2929.17,2927.298,2928.346,0,2977,-195,2222
1739493000,2928.297,2929.12,2927.395,2928.155,0,3121,0,2143
1739493900,2928.271,2928.63,2927.555,2927.77,0,13,-965,-965
1739494800,2927.82,2933.4,2927.675,2931.58,0,7805,0,4082
1739495700,2931.41,2933.81,2930.705,2931.871,0,4931,0,2239
1739496600,2931.771,2932.471,2929.925,2930.33,0,2570,-4882,-4882
1739497500,2930.33,2931.82,2928.275,2929.88,0,1533,-1512,1403
1739498400,2929.89,2930.49,2926.505,2928.01,0,1581,-1646,-13
1739499300,2927.885,2928.44,2925.805,2927.56,0,4304,-2208,4304
1739500200,2927.6,2928.64,2925.925,2927.23,0,5219,-127,2018
1739501100,2927.07,2928.55,2926.555,2927.4,0,2878,-108,1905
1739502000,2927.25,2930.13,2927.025,2928.815,0,2944,0,349
1739502900,2928.966,2930.45,2928.008,2928.831,0,2402,-1834,134
1739503800,2928.84,2929.11,2923.098,2924.17,0,988,-5721,-4999
1739504700,2924.19,2925.82,2922.915,2924.39,0,1160,-1793,-28
1739505600,2924.39,2926,2923.615,2924.784,0,2272,0,1764
1739506500,2924.81,2927.21,2924.605,2926.045,0,2349,-70,-67
1739507400,2926.264,2927.3,2925.485,2926.925,0,2053,-410,1468
1739508300,2927.15,2929.24,2926.695,2928.38,0,1516,-2621,-1997
1739509200,2928.38,2929.39,2927.598,2928.77,0,932,-4868,183
1739510100,2928.63,2929.43,2927.998,2928.358,0,850,-1411,-1411
1739511000,2928.49,2930.02,2926.525,2929.8,0,2175,-1687,268
1739511900,2929.83,2932.49,2929.245,2930.608,0,3566,-3141,-1806
1739512800,2930.857,2932.77,2929.695,2931.21,0,2739,-1400,1928
1739513700,2931.206,2933.62,2930.695,2933.18,0,9063,0,7520
1739514600,2933.145,2936.51,2932.325,2936.51,0,10094,0,10094
1739515500,2936.52,2936.84,2933.115,2934.145,0,62,-9037,-6703
1739516400,2934.237,2934.42,2931.758,2933.057,0,1167,-2926,-2786
1739517300,2933.17,2933.92,2930.335,2932.28,0,992,-2837,-1159
1739518200,2932.28,2934.46,2931.765,2932.96,0,5062,0,2083
1739519100,2932.94,2935.14,2930.635,2931.74,0,4260,-2778,-1854
1739520000,2931.85,2936.12,2930.615,2936.049,0,3010,-2383,2065
1739520900,2935.965,2938.59,2935.155,2936.58,0,0,-6317,-5542
1739521800,2936.562,2937.26,2933.805,2934.55,0,1128,-2830,-48
1739522700,2934.55,2936.05,2933.235,2934.985,0,3151,-1861,-1861
1739523600,2935.25,2937.67,2934.305,2937.64,0,7958,-2275,7958
1739524500,2937.64,2938.42,2936.205,2937.97,0,1327,-1302,613
1739525400,2937.98,2938.8,2933.945,2934.389,0,2759,-5228,-5228
1739526300,2934.45,2935.55,2933.895,2935.13,0,3043,-1033,1612
1739527200,2935.13,2937.16,2934.035,2935.475,0,0,-5132,-2611
1739528100,2935.566,2939.68,2935.365,2939.04,0,17964,0,16389
1739529000,2938.986,2940.02,2936.635,2937.111,0,6088,-1533,-237
1739529900,2936.938,2937.63,2934.928,2935.81,0,0,-4534,-3566
1739530800,2935.81,2937.51,2933.198,2935.27,0,281,-6477,-4668
1739531700,2935.32,2936.32,2933.915,2934.26,0,688,-4111,-4111
1739532600,2934.2,2934.87,2933.305,2933.91,0,1530,-1711,533
1739533500,2933.91,2934.03,2929.125,2931.2,0,0,-10841,-10841
1739534400,2931.07,2931.49,2929.025,2930.96,0,1599,-5306,-1527
1739535300,2930.96,2932.03,2930.735,2931.377,0,1658,0,405